lat,lon
-36.305280956941196,150.10322950666318
-33.99198164366264,118.664089138122
-23.835353942866544,116.50473162312333
-22.396491045490393,145.9715406997846
-31.56376513155631,126.02041139720498
-26.628357254567405,136.40127725599424
-20.860267173907374,137.39900731187558
-36.95152079834595,148.65838449526365
-30.7722647137482,120.90796287807352
-21.901631779644024,135.1658608991051
-16.642738743395157,137.2794827212286
-30.284841632380683,135.73327542562456
-13.3932338177361,131.84035966574584
-17.4618957214289,141.94750392543668
-22.416227708002147,118.75242090579643
-32.900197940146505,143.44988813400548
-27.135073807513066,145.00183806794254
-27.412475320415435,143.56178296099702
-21.47182764096591,144.2266736855428
-29.94272337107505,123.16904532180615
-21.500842632732805,146.68977631655818
-28.49685549457761,144.4788082338216
-22.121993471410864,136.78539918884368
-23.378088731976515,144.4099756438686
-26.987852754895197,115.12798319352129
-30.832280762635428,129.27930355143994
-24.236196384878795,121.4511791069857
-31.167886852684013,148.61382121823488
-11.765036121542543,133.0567744509807
-34.53413329963587,116.12265980887607
-31.106967133888922,137.2717191074828
-19.916582465990665,142.92146044922123
-21.79947413032552,143.79077773531995
-33.86739920433044,148.4016438527803
-30.718279087065113,146.82502652305524
-26.18354760417113,116.28569875733047
-22.660987946535307,136.76611885198164
-16.678221266564613,122.85568968150838
-25.240882972339868,136.72508188515638
-22.709016711654783,147.518133581241
-31.25607099203483,124.36804867974472
-31.885743216195944,139.90978665923754
-26.07652743298414,128.71936363197392
-15.017979098583805,144.8411295640178
-32.800921788137614,141.45822284468824
-20.474038602838853,124.08319987144992
-34.44443744734854,147.62235144363217
-24.471804435381436,139.27610250564544
-34.24722756826236,142.08549797151935
-18.68699558318008,133.0564380285401
-28.207229631084314,146.8140702403952
-28.15262245160622,125.28795165154919
-28.46887431257,137.84491488124348
-30.056362864160093,143.56864153005378
-19.663044242264373,131.64153610842013
-23.21126489041154,118.91585215770947
-20.30750930447261,140.92452899959378
-27.499803658998125,138.86226742640955
-28.37993876523109,145.44215726574623
-15.780159222788448,141.9243514486732
-20.086252138515018,144.29970364982927
-17.112718846280742,123.19540073339937
-14.818041369675083,126.69958713828989
-28.63744904555209,137.18907020910325
-33.57792078575369,123.83532126404259
-18.88661101053442,140.69151119130362
-22.721620845029637,115.10313560189059
-29.724018846535753,126.0437015999554
-32.126200783112125,140.42933030238018
-20.84258169493936,120.9361732095929
-14.931654880859298,142.2469968034186
-33.41554713769028,116.85178284703075
-28.031957124821268,135.1192144370511
-24.112860872123694,134.91046821123754
-16.60191728306903,127.162219501661
-30.17373260018656,143.78756901987362
-27.25139365733451,149.08791361046326
-28.470831259042164,114.5908858717378
-31.019621419594927,148.5363862873741
-15.039003726706984,129.7687227426715
-28.247920169266365,115.68466092501544
-31.168953412588877,115.55641686799305
-27.281563688825447,124.94323371255555
-15.799616239882042,126.09873725091515
-27.904602317651946,128.58943073820794
-31.758439510340096,148.9423197706605
-31.917675020430877,134.36060683373466
-17.97496639598778,136.17184937509325
-27.633552387280435,143.66756018573005
-21.130318415962883,123.28344407182854
-19.39500221590793,127.73833242984414
-29.43298356664885,150.68566030452516
-42.4053998855071,147.34350320352058
-26.58508986962839,127.35619317622486
-22.101071581293414,121.10938374710035
-31.28724401327921,134.8966449272396
-33.375423607295446,122.97332967316932
-20.753543947820123,138.7790828595425
-37.38348424592252,143.79426479012466
-37.12199032091327,148.13485098966848
-29.44056847991591,117.84042370319041
-21.881048347710216,137.16447895562936
-22.166505033194706,127.10243112714404
-23.6439741814317,144.71689617080673
-16.211407273232126,136.10001600721813
-17.726552045688198,144.2183144667545
-30.120685526648597,126.90095116249216
-37.37003664659261,143.9521578219749
-26.546407981964673,136.77281834077584
-38.37428116796659,147.01367454937912
-23.136877165858255,132.46456554343533
-19.07445423293631,127.75793211935547
-27.25009866496294,139.1119031454148
-34.117460455829644,142.43685944946492
-26.97491793133303,139.86611006056341
-24.36389946030723,126.71601981288467
-25.96997305837659,134.3278356183032
-11.757211294698621,142.24056592054936
-29.712911449505135,127.02710111619916
-34.97490415418324,137.69886491671548
-22.987711938306223,121.32245057419928
-26.047580334999974,131.58542210939817
-30.768035788381365,136.50500539942578
-31.228266643596136,123.48372068111269
-29.465108685990586,149.04959428205376
-33.81221167554433,122.23079603433018
-25.07324972931053,137.9317114496331
-19.996652070221725,146.6714412874788
-14.893415189497873,141.99747042478992
-30.308454933040533,143.93093390126103
-21.418858465005947,132.91627627351176
-16.22337806787206,124.88259475398593
-30.0117762240882,115.09856529898306
-28.35520625548978,148.68685349178028
-35.268777109786406,147.7710897777887
-28.491124861803634,120.53327326250422
-37.419020917932784,149.15313049165195
-12.45480625283329,136.52294303474545
-21.648484840609385,122.46052297882353
-27.370149473684478,151.5123383243008
-26.141567499540987,131.2778471176171
-38.054411805221456,143.50576954327073
-30.037021857221152,147.34518399074867
-33.373399752956544,119.77677954786044
-21.288768632006565,129.51473968212167
-14.528861194080687,135.4751620176567
-25.243187966621065,141.3519608203508
-33.42420555483701,145.22314239558835
-28.430564449114982,131.09713097591688
-28.0286149765591,143.02517888282145
-30.40324396951332,152.1950038496928
-23.91515386826088,147.75055873252938
-29.728981631896588,137.68787681275862
-12.281404330672643,133.95336308272482
-17.84832216213553,125.9170794791381
-22.23502399622,147.64442444842615
-24.284477652747654,146.0623018690959
-24.262818199175385,115.09581570238096
-22.592198593706527,135.64359219727987
-27.881370485100568,123.37209875869863
-31.21974099458778,126.94416258212686
-17.48890818710961,137.3037989093778
-21.324900659903278,147.31758813661392
-28.400753630245447,123.74650430431899
-19.74436114186292,124.76466991961038
-21.101691024595823,116.3479580752553
-31.28103431761778,120.34850494962623
-33.54232025973095,147.9066023447355
-27.634802237228676,117.68788120700063
-29.90787061020308,132.17733276682443
-29.803877103029194,122.45341566849325
-17.80424268687652,126.6111688998554
-31.992824374169388,135.99737488306332
-29.17272538339215,124.2242359388085
-26.01245257006128,143.7724975328092
-20.03980057950071,138.03353764694023
-17.351305152468363,139.02109576354906
-21.059878549020915,120.59509420301127
-24.755535759269502,123.97423029126278
-32.8741812008987,124.36228853319749
-14.466033838612109,130.1088492462692
-17.527562401587566,142.2726572997599
-18.31172205872676,139.04290864484906
-22.452501871255013,148.7172469416248
-23.42285987857708,116.42302173764092
-35.8783279807654,142.82850368679706
-14.426863499861525,133.1064504162113
-22.89799785882261,119.77060902748218
-24.867897241621893,117.97514502680683
-16.43725586124251,134.64587891000102
-25.89674202248765,143.9230034216374
-19.880482392888258,133.43255217988775
-41.46219121018659,147.92655048178432
-15.770821085795589,125.4940387160383
-30.91465934792611,130.01577482569485
-26.83365684704596,132.81919371626753
-22.841606450665317,118.90591114287365
-31.388208481164355,133.81507287984968
-24.49245005995413,136.3754545067068
-24.42566449674026,151.0094963938715
-27.536177274963958,119.97959117291563
-20.3275039501945,119.8502144527586
-32.29548099105608,141.39989070267072
-17.836584509688418,127.72724737624868
-22.185360565516,127.11720118122221
-23.674272835163038,129.16213785723457
-30.8467772274946,151.3649402644779
-16.71070837070118,129.47889656038205
-35.49116569252885,147.6529918030015
-19.652440207013594,127.48307743197223
-20.003657645839485,129.227716843889
-32.462799207054786,138.0495002880759
-21.006641506347577,126.5345504310415
-38.63653026435221,145.7532561725431
-33.23180308296426,137.83375386824574
-19.80665612196355,146.69748552717317
-11.436173872673358,142.34302453873184
-22.098799393505608,117.11264954115181
-25.05966453811725,115.95524151247652
-20.115446685874588,120.73988340241239
-27.62088460394075,151.82564495210158
-29.359057425964554,125.78225221303327
-30.536672666849743,118.23640344889745
-22.86651774275752,122.00120076599117
-16.54159387264081,134.2905769991875
-23.60759625076192,149.91350693316582
-18.46879359598505,133.46075978270355
-28.43253031920073,136.3733107151041
-33.90472871185607,151.09905663977497
-22.06315439826508,144.78174547886428
-22.765712173852183,125.2039948328785
-34.25444213037241,117.55097621858394
-21.886498312189378,137.00926716489536
-25.634026181775848,145.70098403904558
-23.838256904831855,131.48523808165342
-23.980435297756856,132.2992099651571
-27.166993245857768,123.09485178676998
-27.290286888005085,118.41151987845859
-29.745471934791098,151.63564731206836
-26.345825289074597,137.0931532741442
-25.737997128036927,123.89220925676915
-18.627327165102677,136.84452992611077
-20.582953081158266,128.80252838763312
-13.099684271461339,130.83300012451963
-21.544441028949002,126.74835091496007
-17.605502594812812,130.82391712672157
-19.911866876019236,143.79639487399214
-15.650173474137492,144.87594245149384
-32.39743710194034,118.83744753469736
-23.60644560731194,119.06410490295069
-26.89513994711434,114.46440452592745
-35.65558286660669,148.98335706509084
-30.267353114256515,117.6650616645897
-20.082794529984945,145.5666496488359
-26.77108424393298,129.37262191678096
-19.682032934933456,126.5125696720435
-28.01197951652764,148.4141530954302
-13.854764384545252,134.37819289043372
-26.39419543966025,113.88966072524435
-36.78540844227999,148.72543135963974
-25.619818835167322,133.83172994912493
-27.54036816620974,151.94342359713107
-21.38746517098603,124.10334941885007
-29.526446628834268,131.83442316677719
-26.065364259371762,151.55328817901193
-26.535095858516105,132.01773151949087
-26.85532378271399,137.4658639670366
-17.228782228843905,132.0278029049432
-31.942618038461397,144.30379245364114
-25.713196663863854,141.07234220656605
-13.235551041433133,141.8398405509702
-29.53011775043442,137.18859876189464
-28.988389031183978,144.84767898586117
-16.848243365068633,127.29187942859458
-16.82158726872766,125.5683349710348
-33.833279588365095,150.95409085163934
-22.068489108566837,116.2487131860684
-22.57434381559494,125.64586144973563
-25.456559030394246,127.26219969592972
-20.44728162447836,139.28442736671704
-24.12497805399894,139.7666327892349
-21.411875656758383,137.2910789274445
-18.355269626330838,141.00930138189008
-23.721795870325888,150.36452623021097
-32.303909430786234,117.25131800391897
-27.677970351758447,148.30696939761958
-16.495398888192142,143.9668510467992
-22.91682288630394,115.95976642161271
-18.30492845137346,122.52875383506188
-16.536394820106747,143.35309802372112
-18.593872312177872,145.16350747421995
-20.309797111690855,143.11161160098547
-32.54910019282532,142.3897592315194
-34.89760270271484,118.2272974771516
-22.483317626763586,118.3807980130894
-20.580753688617435,142.02304010424257
-24.139619354211096,118.87662704542718
-34.51242487020252,144.66755823851113
-28.63322838056657,117.34600939934951
-32.019024323123304,152.27753516510376
-26.68143383595786,142.10279532990484
-26.071128922256534,118.17379103479234
-25.721558367648264,141.6003332308372
-33.70419985368408,135.30394371131044
-24.248353963720735,118.07864848443184
-28.590438175492263,123.70077393869045
-32.306609360627434,119.25988964108382
-17.467792910382038,139.38054183356934
-34.9160019764286,139.14736814652946
-31.04504925335747,121.00852002077711
-34.476962349837244,115.68687210315463
-31.21244649320851,137.08594374738428
-13.903590192253635,134.00832770460647
-15.952432902104938,128.54941975114693
-31.171334757911474,118.23179117834226
-26.941480129335982,147.94305630795265
-31.497171610578235,128.71241466290257
-37.78106868721379,148.76405310617866
-29.94587995263182,130.82174831528897
-28.836099991328275,150.40238614856236
-24.590806223333775,114.4403582846905
-28.30435422939817,118.63856942913108
-24.891629046988804,152.44491566978203
-19.21167144839209,142.37112397987445
-28.29792180224024,134.807129659819
-26.479410642511723,150.2621930621429
-28.18521571420274,141.7326148908534
-29.38411562328985,123.21030465739011
-20.630212450273305,129.7345747792971
-33.5316748816917,150.38882391033104
-22.57981155988812,118.91934442698818
-28.263340319829155,132.21683942726526
-42.76612844386113,147.54527463867086
-37.87474182732974,144.52400830460942
-28.77176632420998,145.01319230801877
-34.31111028730628,146.13654313217376
-21.519137449199746,133.30642774385512
-18.463963565762963,128.6591322236182
-13.143926859279684,132.09452177911686
-30.70348856373491,138.2578009728427
-32.209731727024234,125.36414266862604
-28.907512901790156,116.37527893121792
-31.984743863441608,135.65135294908885
-28.03465436773533,131.6381818678257
-25.056809460983516,120.03709722335708
-22.835600720316823,118.9483325665595
-36.70775012903117,140.18521599733873
-24.55041058028874,115.22674818522104
-16.72669700823227,124.82447002395764
-21.582875941698305,121.68481091631276
-32.03413834096286,138.416798966615
-19.91327870918415,129.0513568344959
-29.392948074068997,116.15320945168857
-33.01366748672268,137.18344853095354
-23.239778674194408,117.26812883656078
-30.605930040161404,117.45343869713577
-32.697910551019184,115.78903461657468
-22.8599346728582,122.52846294864258
-21.463249425665996,149.08528724116184
-16.260567655951128,131.06505634942215
-32.43025015585474,152.4385571661686
-30.604158490071043,151.06929230383423
-24.648729507052597,151.4339864855587
-27.112444708459694,136.63789241409506
-30.83336727469696,139.11598012393995
-31.415164477762097,120.04891498764023
-31.814046380667143,124.42605847113666
-19.541042550432746,126.80383065994211
-21.135265122976712,119.3752291039578
-21.104228462830392,144.62367348364592
-22.086725711707707,116.99767427405621
-17.384532749231738,138.89392596885563
-26.96821737526849,114.4385129364283
-31.776555930170225,123.8929510743862
-31.605504133307257,142.77005822992703
-32.506578244188745,118.79419611781019
-16.32334199163825,143.85633684451727
-22.54196985384268,119.96958363864283
-36.603734533272124,143.6870657101217
-25.264134694228275,134.949254470244
-41.18217537070319,146.81496578847933
-19.687943084840608,144.64988164073392
-33.6662860793088,116.85593578930609
-32.977790724375076,137.9651928228374
-21.461942363342438,132.6578831747929
-42.143428440184515,147.93398138750263
-18.263135443115665,128.70098291949083
-22.8312162516171,128.53744672707134
-31.017587060280427,123.34818213791988
-18.017894799199286,138.03706424415967
-21.917038303805786,129.710267789902
-34.884398826039366,146.44446496068815
-22.76640650203395,130.17686215328862
-23.333962824434906,145.3648029886226
-26.596118440627745,130.18636181417432
-13.749109495007684,142.14554334800778
-29.043587249768176,142.621325604306
-26.759406426419105,144.22073595016647
-21.917669232281547,117.53469717848463
-18.488855213968712,140.20565875063136
-37.682327516305826,144.24916746130407
-23.367153934446037,127.04537456142043
-30.542001582739516,147.2325392108555
-19.72118990111393,138.10712495199044
-23.655590448599135,131.11680040932174
-24.03822325046068,142.30558799686392
-21.862472591036198,119.95895453397536
-17.211828290170015,138.7518143820011
-24.015001983662973,142.93743834444683
-22.539592386294444,134.0656681034714
-31.896440266676567,127.52681183832564
-24.163474795326618,133.05713747239292
-13.664088111752882,136.0669945406146
-34.52793359274604,135.3922653826707
-23.547280029168025,137.9763824215721
-23.070539696716168,139.33640543621692
-22.71661030184313,127.83273646944829
-32.309815597924214,122.3589402747195
-17.11307193462403,128.2933525867114
-23.962208672775546,119.43431028176738
-22.60059549054003,135.05704351133127
-16.16022869225587,129.9703455057378
-28.462489130834804,125.93583038082508
-29.665455328985665,140.4279343147822
-20.540300335786707,148.26877625968393
-15.64601623045586,135.27998939169206
-21.555820465757723,144.75227659800922
-33.88665565872159,138.20976711102378
-32.17476644293259,150.28575194990518
-32.03014856168192,120.65332789548953
-31.602214035200312,146.02703048275737
-17.9244904555513,124.60119932203982
-33.798233474779536,116.0890948432291
-23.90302750000782,120.52868837465667
-23.93578395335281,136.60583137528693
-27.726528713425616,130.3805847623475
-32.6836500098795,140.47160955671933
-17.354906263498336,127.78205527138348
-26.73631433090001,148.24398019398765
-23.383273809920563,118.37461806956566
-25.290570273003922,135.3008677128649
-41.58445635237454,146.21703080238026
-22.301225873554415,132.71032446163034
-30.170141748469135,122.67987663811144
-22.497446510629793,144.31556554377485
-26.985419300754227,124.76589190199313
-24.5000075491107,116.45383141486965
-27.036869107038413,126.20951727504237
-31.058658601097278,137.44950207698656
-30.188984470248933,150.70348066091395
-21.175181224065945,137.6312784700352
-21.72466234220123,123.89133899211312
-23.114850553430337,129.28197035290214
-28.95879632873161,147.03461581684655
-21.951876324690197,146.37721628562824
-20.86178565785631,142.88388245085676
-30.253040312035132,129.2145513784247
-28.68946291827246,125.49035012907072
-20.735259620762378,134.05780688007263
-32.569465090667286,134.3969275754
-22.327335619342694,125.02188149707091
-24.86995421101168,147.99720737766762
-35.01908115355535,140.17456137732916
-36.766807592233185,141.5256295516274
-11.929614444901212,142.19648305934413
-21.558912012352813,141.18753477899068
-20.128357100784374,146.49601808264862
-24.225216481080654,149.4225358263921
-28.83577211341209,153.409334130543
-19.508175696443345,131.15655815067913
-27.521932214882973,134.98863355847394
-17.85293699622451,125.64502081336572
-27.172220615517254,138.12271245020526
-28.280201271940886,135.15363884418454
-27.164866621624345,143.4058908538058
-15.428503333529346,125.34041120979029
-35.28527034947011,138.8058082576203
-23.024392480016576,125.11272787204325
-31.490503736445156,151.02728759404167
-19.343800259532294,128.0911126896797
-29.269228370836622,139.131229116763
-29.272601029850712,139.80633342114052
-26.34344077205596,119.4244160684618
-22.150150798468154,148.12221736053164
-20.46050144819496,125.00553581163761
-22.84816008843792,119.50523495529345
-23.6144785192903,119.81438765681735
-13.797991541082524,142.82103610615215
-33.025473342485185,121.473660511981
-15.717266376896923,128.98379212210543
-31.848125440523518,125.89475339944532
-29.77117644368892,143.79760125256146
-18.75401731658055,137.26707992512067
-14.895332979381404,127.29854889787973
-21.158274934827414,136.79795150314246
-16.72458637413918,142.29361897950787
-28.281295841629476,122.57545368327418
-16.044572720381815,135.21160543237875
-34.933646519345444,117.79340684997614
-31.99213304091449,141.17820916185678
-16.278455020232663,143.61551793805725
-31.7209790056548,124.97910115872995
-27.894658766150478,134.50795310394489
-29.92822152807891,142.65968062669722
-23.867368708338812,132.5853794280116
-27.628840130109666,143.3820605692328
-32.981656998452216,148.7031146317174
-34.38791125002737,140.49966147747762
-32.141919647454024,116.91120343713203
-12.023533059653396,133.83752986265375
-31.33849065217182,140.73114706395017
-27.12754160021142,132.1626280709037
-25.465290770972025,121.55293025886189
-27.406746014876212,144.71651823090042
-25.263565216736563,149.15964838510308
-34.142510646742764,148.24956236620307
-26.50054708722067,150.8861806944402
-28.395858086150447,125.67831869524943
-31.259823938996426,138.3877505235228
-31.738166872321713,122.28028431850176
-30.66370412078699,151.98162738266967
-33.274407297127425,146.9260242687427
-24.084144141808792,124.75354513077069
-25.089308229511442,142.93843441947678
-33.502468823079965,150.12667963918682
-19.44167739793842,125.04483529505175
-20.05467673270825,132.10199846114676
-30.15682479780255,120.77864974160856
-20.00546366553673,132.78169637801795
-30.404812965619072,123.73000336834673
-23.597722870336906,143.33005200706893
-36.946683981463934,142.15880089207567
-30.39810449465142,151.21948382112458
-36.52779779393103,149.34384947371765
-23.243549258728848,119.66923136067999
-16.963158022266796,126.09074336789394
-22.24064237751776,137.41353196606715
-28.756710127571893,118.55222597038764
-18.835518295832227,130.21431999040342
-23.425920000242854,149.40496242121483
-31.3154244576996,138.07225159657742
-35.88756999689634,140.57019637176563
-23.697228829234334,129.16431679459777
-26.613695734378204,139.3167548965797
-33.2750171952498,151.18458709318935
-20.436357038817484,144.6049454929689
-23.035584108230353,145.2618703125558
-33.510390410408334,137.11853751538035
-25.118204415055295,143.9732809186053
-31.709089217918454,128.01466646996573
-34.399056063759744,140.67135080981396
-22.94186453309163,121.61431862187031
-31.18156347198541,133.74536242788662
-24.804813518273356,115.91840065811931
-31.566957845901435,150.1268445088274
-31.35855115308022,134.21594167799944
-29.530655609191907,149.7647199788343
-20.83753673539744,129.6891224994151
-37.83449383448444,141.54030256586117
-21.019381865172846,128.83748506345762
-28.524242040972894,150.61806438659
-17.631277639003223,140.54360974660003
-32.62303630439199,123.2995549660283
-29.327718438402858,118.99797899418645
-36.02537053409279,148.23453885058422
-15.111205950096942,131.75276084948044
-20.652657211172013,146.55420703740674
-28.279370405544277,143.98258207449013
-27.421265664576865,132.27053534286983
-29.93238014987753,123.81263336937356
-25.913456562225992,120.65590402371618
-25.398543825936077,123.90230273658565
-24.892220643200655,129.38296614348866
-32.72278776872035,125.04180842599044
-23.324185502834315,142.9767915056272
-31.160791588418157,122.63097080649995
-29.797265644850977,138.78730679576384
-26.283613570401354,126.39029031332896
-28.46508400207388,121.97304631785933
-24.672278158403575,114.27543023867976
-28.61642927336144,129.5118435258283
-28.202677617723285,144.28584858360512
-25.974625102358488,121.12135659400263
-25.64579771807932,138.798138198241
-19.99950816991614,122.35818164204217
-17.7299939468274,140.9067638884859
-18.63071072166065,130.52846716849535
-22.456995899047364,139.75729721697223
-13.549222850877623,130.3692794057696
-30.450045131083,133.35507800396243
-25.936163302228493,115.35374974812329
-30.703036676257874,117.36461632421863
-32.167913743129546,144.80610491627317
-25.47602713534186,136.85346437865053
-30.472486299465686,140.23013582160678
-28.32363998965821,151.2730520244918
-27.599473619313695,115.62685132285819
-20.18732194807346,146.08519874797767
-30.732859754531745,123.84366518243979
-26.799942595566186,143.6366798012725
-31.45771403761985,134.80387664131837
-25.329340331616883,126.59118441665811
-42.86561971772382,146.74464682329497
-26.786238890363023,127.15957586018145
-20.208106606562875,142.1788671577691
-37.334937303863825,144.15365833752205
-30.416802512553943,123.69934529172872
-29.090394415328532,136.73257342496458
-20.015418170109893,126.63400635961284
-28.9029229244656,152.7962621009106
-20.216134182366986,126.09878644130414
-29.936330385562695,137.17355278982745
-29.643231941512717,127.02427509319828
-33.916905717680116,135.41349867729792
-27.96919400839189,126.24387483996955
-30.761010836337306,130.3229020604245
-29.91179099999494,130.80330458101707
-22.649192115158385,136.73185657629568
-28.99178392560239,135.1434453615146
-27.965687861048597,120.86384490408064
-17.679236049480078,140.97750292074033
-21.570782702151014,145.3810332605924
-19.578346699771465,130.21207517620815
-16.63121311632001,124.24099849416069
-22.873064781952966,149.60891503816552
-37.218274976969354,145.50733842256116
-33.693952965409615,136.50459971574122
-24.733314505128977,120.58584010611278
-28.1236967048251,132.07684167133385
-17.451715438549325,143.6455165219793
-33.23855191501229,121.56328239138449
-26.59888674464574,115.42029152046538
-25.76597651348299,143.113366718178
-19.718556400802427,145.24427332347508
-25.964239980172014,134.31673420953004
-30.247875361826413,152.5371016028802
-38.19484093523864,143.07524432677607
-30.857185095934884,151.6154033974502
-27.84011643444927,123.19109697272044
-27.376357957236134,123.90511185355908
-26.36100561784608,125.2237600950404
-26.594175783662813,128.92144313862315
-23.68248316122559,141.9893288322167
-16.535779774823094,127.92359992577428
-28.828032064784242,126.68361182167416
-11.91721092059317,142.83569549446534
-31.962545863435672,140.7900890517817
-24.925748871552727,121.67039086923933
-21.392520022429775,131.27586079764546
-27.656274343607915,149.14864085307238
-22.06322998978855,148.15310485493328
-14.543415016687412,132.63867917423568
-29.092954912770143,129.8817451363895
-22.385835219867502,138.10741024772898
-36.59649519677315,142.27026486055118
-25.47143803617967,128.0114527253014
-28.898274515091448,131.74458666761376
-36.23159307587342,143.56829488865435
-26.709944675485044,133.9876329715287
-29.690546765084505,117.48964491227999
-15.627178107474624,144.12407387254478
-25.718106667307953,126.51898180320825
-16.94647801367338,130.89959914268474
-21.505059633840222,117.0936743365016
-20.12215702166603,140.51610194968194
-33.645573853629614,144.6026516289133
-13.017140673149925,142.31945528808242
-21.424936431710535,131.80509043996648
-15.723393038037678,131.59772654581428
-19.31146363586855,146.62206715973707
-36.1122151759137,146.8395399946453
-31.497090466602057,140.57438112688033
-29.714830870538197,129.012003220042
-27.312680781081966,126.19829839443136
-29.308251529367535,147.1034206047839
-30.316846130369292,149.01350581055772
-23.96206003130735,135.07383782493937
-28.60010838251317,139.46430720218797
-31.974878275048184,136.5027183572692
-32.16909305597987,136.65887606989116
-14.914283991191184,141.6360108336296
-12.139845301486218,136.37094481412888
-29.917967506714565,124.81617228807306
-32.014853635374074,134.23267171947532
-17.832666162509174,130.57513856515845
-33.62428448071657,144.64948310224526
-31.652372004609138,138.1521076793233
-17.13219138021081,124.79348343698481
-25.16333807659673,142.02845008075042
-31.565201229960962,144.3781609134839
-26.284446254476723,140.54019358313482
-23.186879348556538,114.97271931188783
-17.46066121495467,126.48221969517382
-42.73991430430968,147.92116684955408
-29.140454643294987,120.07831176988712
-30.267778681450768,115.1505538474314
-31.458440338339603,139.23091064366076
-15.111824618456101,142.40492165361744
-16.33818244770894,133.95427158867315
-21.92872589337033,144.52469586325847
-22.248533956461426,142.15751488191154
-17.569375237382364,130.10525742096294
-20.86685897443436,138.74600426589583
-32.43826310478855,123.47556023371459
-20.89671238472994,147.32959277055994
-18.700226586569936,127.43822040828941
-17.02258799778588,131.28083150993726
-29.972722750556088,142.63709880987614
-29.926542716367656,141.68656560927056
-41.145219942913684,144.83108699409414
-26.28842136689117,146.8322549239802
-29.417259727485025,126.11420471358782
-22.1181679918218,145.1475163529606
-37.99766947008798,143.6835747148355
-31.410793220790353,136.9035891084184
-23.235295902736215,127.12659374897041
-38.27061868555726,144.39785671059258
-29.412446517039296,152.3389164575498
-19.359356222145475,134.0649324557591
-22.108754802490147,148.2702167879183
-19.930769037281117,122.28778790756388
-18.569858162389256,134.83158689051396
-30.33539730826658,127.26158413257033
-20.160218239709067,147.7055394316559
-19.195524783044043,129.73973173346167
-21.417942093037006,133.69385822771974
-31.907561629882096,147.70113013716863
-23.531709974234126,125.13560442073852
-18.553605012285782,140.36991791888983
-30.515836874432374,135.7350718506103
-14.30084270106341,142.51842444966212
-26.2849288747286,145.43736363595755
-24.58727557798693,135.2135288338863
-13.949044270974213,130.01366555431454
-15.459999373966095,130.9278751766839
-23.64152539304052,143.60780871074675
-25.182686058979648,118.0873536924019
-14.45813853346477,141.92769630836472
-19.11030823175905,124.87002451513126
-30.73415667194879,131.2194586445624
-22.80208265189405,150.57309533086928
-33.725070905126174,142.88940216552217
-17.21840949252587,131.35692276752525
-37.633016444864765,146.5302115317795
-30.0233401603218,148.54586783193034
-25.082335834304686,114.08528689944413
-27.528089657881466,131.66285894648416
-17.719817360111225,130.2844657929309
-25.928200076025945,136.6501404430014
-31.58360458108912,127.61117313210269
-28.6630076531632,151.92208707866695
-32.858386733142694,145.60765761372983
-29.648004999419516,122.58399897017827
-26.16299423560812,117.74341318789577
-22.5039333501008,147.68702071080224
-32.073099547690106,137.2896557300166
-31.051970850430422,124.75026466909198
-19.423904104243352,134.9211377125914
-27.84957951246115,135.71281082559915
-26.62935731149166,120.8872736551734
-29.359581356809805,144.170485796213
-32.951750324414675,141.91916727664403
-23.610171555165042,146.71122976115197
-31.392860251400016,127.4595798534719
-31.814107634367588,142.13348437517655
-29.61958913426176,122.43053720811817
-30.68856486105389,115.80470437687458
-32.235350733084644,138.01019849482225
-29.547241515389906,119.97019526420536
-27.945941845083077,138.12272385450473
-30.223577270420463,126.03448827180148
-25.07351314670018,149.79197502441687
-18.973110503257445,123.17726915292282
-27.58594136115446,115.1714463322391
-27.479500143191824,132.0922995245123
-32.09323072094881,139.02370946609958
-22.20971882553499,145.59743378186718
-30.114800523628272,138.37531180400794
-24.880692939422513,152.3226236963069
-31.242472887835174,129.0565249174576
-22.007512949587976,126.3184108730809
-19.3619148524696,139.01523811101126
-19.858980478056573,140.54227617505057
-20.31211006900483,121.06195567008581
-17.031218048454384,137.66814398730025
-25.243336409099676,137.83938577437203
-23.75335217871687,130.78669271482792
-33.519773989878324,141.2062420484465
-27.78848063941921,132.41058622876275
-29.67315466663262,134.58015603461945
-38.06367729500181,141.7370909875558
-29.598593439587415,143.59608853420917
-31.68669899460673,127.60486760723464
-25.44626714370822,124.55902545906625
-37.242153456148586,143.78139689294323
-33.99201380598214,119.63020560212465
-24.516028654118458,150.66779125790234
-27.524916849857632,151.86545045735207
-34.631952569454555,117.3341734919366
-23.8173338993832,115.64622654547745
-18.883958494197895,138.27813919693685
-23.122810573686078,119.34349260323164
-30.670410616977186,126.08511217796925
-20.48577797235955,144.207698870625
-16.4415739368109,144.20773749299053
-24.581114627528102,141.13497055915343
-35.974130366427566,146.26588777556339
-29.37431881836698,131.60039651884637
-22.336408149054414,143.225611379776
-27.84600995771846,145.53319059188053
-20.63497307879754,130.33845617723688
-25.779014614933285,116.66838841151801
-30.89794360703235,135.79768193412679
-32.24425336280163,141.2309435713102
-21.48297910460807,131.71271774136324
-16.615490566004244,135.83096525368117
-25.117679106118914,152.1786023333339
-33.29784303209321,135.66570177557873
-12.431571618068407,134.44194312374034
-21.956361115115328,144.7710923066032
-31.520189853686617,129.79616751519725
-31.00251695112953,125.08940163053137
-27.110784577942653,133.61010987845006
-20.107417074430465,131.02406274166913
-34.502715661934005,145.37600599924653
-30.520882456066417,126.7716284249914
-18.4590555475754,124.26369511535324
-26.470762178040392,128.81328079379924
-26.273788012421452,147.5892643113494
-25.015956640275895,128.47846882928076
-12.932582073607158,133.26549351184406
-27.51023386695691,117.14466856226494
-26.09028698471953,151.6800402544285
-22.948162463859802,140.63317786024274
-33.8314275833772,148.59835486570026
-25.651625469436418,131.16500078223103
-36.11201130333602,140.73963864202403
-27.730919590276844,137.7963359984261
-34.340249594734246,150.184574635043
-29.32990156406897,130.1972094769739
-29.36726244111449,125.22572200161768
-26.223580500986486,132.7887485333204
-32.145862385963795,138.3803779054465
-20.01218155917996,132.57091239655284
-25.210461787966107,117.55437727184119
-26.486928686829522,141.86856022629837
-22.591551622615647,126.27397328016961
-20.556121138807715,124.81376726540319
-33.05804149724726,142.40062965938037
-32.1572312550897,117.38888629321372
-28.69490899619516,135.31363719950204
-12.827697370807286,142.70168123923952
-27.5419597797654,147.26070228823315
-29.107776508509232,146.03643745911293
-22.750126464680037,119.94940008525664
-30.78443578743388,115.8616502951403
-31.96036342349364,118.28086929180327
-21.300536059286202,138.6704642162515
-23.58951483802949,146.645229645806
-37.09639615258953,143.50940447557667
-27.119725357776737,144.6068662690351
-23.154133954428726,149.79589587966865
-15.978741088777646,132.67131426174015
-22.996188353935526,138.09750815113637
-19.34412221975133,136.3475960191918
-30.52250922389866,146.3166729400706
-37.50095743006787,146.9770519541711
-19.833731298609553,140.8209246450172
-28.085600787493885,134.39938994291833
-22.011233003851196,139.51612019735697
-21.914227452572014,129.00855420477018
-31.462039300707893,131.2669282300369
-25.262076338325638,147.2040043111651
-32.677404966136,115.85508887203507
-21.61017676110644,125.26887404372478
-27.26713638411054,117.64901640620853
-31.119779457631772,118.49403512115597
-25.193556670217397,148.82676484227875
-20.33536934310462,130.99484056418282
-17.345912232475982,137.43479717665335
-32.880109157307274,117.97097813082978
-21.090313198599567,131.02452287931115
-23.495488554534198,140.44356533325177
-29.906079927167596,140.17165112925744
-24.38006226187665,145.3585286844473
-25.79511773544193,146.2177537279721
-18.521588680432888,134.65771531801147
-22.877994110605005,132.81265551913143
-25.495788637010616,151.51366261069748
-29.381186476249287,149.46801032058386
-24.50791133903509,147.8561496320515
-33.90223352839698,143.69792142141665
-33.40016974864506,140.3967797596864
-25.436230074449465,148.27201840245363
-29.001912093519646,122.62072498150937
-17.326790528155776,145.81807356764426
-22.24445939862506,141.26165437336988
-23.987670291947744,118.49066851859646
-24.33105533539458,143.5410359635994
-21.404986748727644,139.04209787579305
-19.962833817146713,147.89067078024004
-28.01806391647286,144.16476384700886
-18.085378258752495,136.32955600272447
-35.29555632305127,140.8443152610333
-31.957260053557285,145.73203812271313
-25.363709808654495,121.55835143719241
-30.758909720830992,142.47083519171997
-27.65010478511867,136.89157912307027
-32.14275967576713,123.01895992814974
-15.678997394676546,129.96654249081047
-23.186512849975692,128.09628122490417
-35.70892310634289,140.73123379872257
-25.80250429693991,127.58114237237469
-24.590047684314822,143.59240920426782
-24.35395254935736,134.85369234539212
-28.274474030823836,130.98743493806288
-17.194482488968333,129.24477428937635
-25.060186216526517,149.1180757529512
-23.5587645767904,113.95408714419833
-35.46308306725213,143.5479932939924
-15.813461699010055,133.73452224402305
-41.27237986499182,147.4611663944811
-28.51306405465708,135.99370039629392
-20.96837280060714,132.9914601668326
-29.65784971944278,144.413879714201
-26.720848042882512,138.27268173638154
-27.131139951583382,134.8441402934411
-35.80024163750316,140.38113755895847
-26.34416610712256,148.53922935386782
-29.62192169277545,149.59109742851297
-19.68861516021243,138.66614453315455
-25.853848708260905,146.34334474667534
-26.69484015995664,126.08260502603777
-23.33928814118386,142.20967451646996
-22.412739387372703,142.5569447244885
-23.522743857482048,147.39846620654464
-21.3523705622261,144.82665867203622
-29.27774381780963,127.39821952751302
-20.15258552074382,119.72312233519001
-31.87843886202573,135.5632977288121
-29.88959071537691,141.65108386312494
-22.479158894672306,128.4476196899577
-32.32375559406097,116.48762905357471
-28.83789730008016,153.48668064958613
-31.47072496828394,131.34486424019605
-27.399924813940686,129.19062321298603
-16.856527150878318,134.1443422251045
-31.186454610984153,128.32243514953404
-30.431303872067907,142.27893738085993
-15.565151015075134,145.0383652430048
-22.8956149749909,132.99421830286948
-23.327889365186667,123.87064840420501
-25.528927350297625,122.89968537161572
-18.597326852042173,136.44489930774512
-14.206043676014271,130.7405421621858
-30.05241183266979,137.47155453759285
-26.191331104964373,151.0212730506946
-28.248275311217284,124.56182352157347
-29.56666247445703,144.34194403443212
-24.552532284248116,114.6010219672792
-31.746255394668534,142.09519187522395
-31.866559246643824,147.75630304742876
-25.901848323553352,135.33717335757274
-20.03875578032375,143.17301776765282
-22.279573678612127,123.87214701763682
-24.775880193079352,128.75230077639497
-27.969713235098826,120.0945572126924
-28.257334280070456,123.7856287111941
-33.54586626432482,147.83516192819678
-31.673427358970912,138.12065836444285
-27.408799483394983,132.482277742706
-15.943150883931366,128.58397152349846
-20.756024201977898,126.00343207654362
-17.065785900573307,123.24694188103007
-32.35944895606322,145.1575483191594
-26.60040117827073,131.86634648466148
-25.1021304858126,123.27215093244456
-18.08827833857028,145.2970680190146
-25.933309284322874,145.73536559443212
-31.18049629868639,118.17662707770272
-34.04464257697654,139.9744978666045
-31.131420140792585,124.18129795293754
-28.222326493813902,146.7405243460265
-18.440076630252396,146.15524361854744
-23.50377053100948,143.8273346250996
-16.805854702169057,127.77326300309808
-30.24846713165308,152.76153022869698
-31.00243496349899,138.73757595761523
-31.93851410365663,136.28424432783112
-23.389024533164207,127.5111458608136
-31.94199622616766,123.84540447514037
-16.91753449947698,134.4143762632107
-20.69509273458276,147.42184983343955
-24.225205075989958,148.79992052769035
-31.88700022123458,119.67640855696247
-18.86102696660108,141.98371069054215
-29.330594986879277,127.62675110132685
-28.165020119104284,147.8205815154471
-21.665506568980756,133.33120402047902
-35.65758486099286,149.17263459985742
-28.945907913361516,123.23952857324882
-12.887449861545662,130.43368876311368
-27.658730789805276,120.55454169820784
-22.69454106311697,137.36791885272663
-22.325505682640916,135.6622263896032
-34.0660371040322,115.82391914304047
-24.131116621101558,125.20774279719029
-26.868762892676767,126.11165987541102
-32.06038138747028,127.8866467720895
-35.48355295363687,146.68984120703163
-26.61637878581672,124.74399952330862
-19.180634245463693,143.9488080508453
-14.092042586680705,134.85529293264682
-15.21897426634538,125.79163092888696
-27.897629049422985,144.95314879131422
-20.309695380734908,126.87560437335344
-24.710067463617996,121.81872965893875
-29.285234516773777,145.82006070956828
-18.293002776673383,144.2468083842614
-29.90127029187548,133.8422327608168
-24.431586670779954,114.56076728049965
-22.957209930031194,128.69499516545966
-12.597953145657073,133.06737705255136
-22.600397455041026,113.85088391544942
-21.758298666951355,124.75180945611581
-22.064273152573975,131.83444392405386
-32.3618176687838,141.5117190689658
-22.791390903385757,119.19635748702409
-27.69321760620183,127.67709964685137
-35.990513342664535,144.50210191787906
-17.887501103772355,124.78981959157542
-23.265780328198097,129.00453309499736
-29.735571608896066,120.3008311665689
-26.707973083986694,124.92216322127828
-27.668195711720223,138.9315467277084
-29.313035755238456,121.18538531752301
-12.727655129765996,136.48967750739848
-33.32309225906662,146.64772366760812
-24.843046845494648,127.37129506254038
-14.111545476277335,133.08453383186597
-18.386808570448466,132.01624250862758
-21.329354439262413,142.52784830915718
-32.905401525912424,144.74360235780648
-26.519089904774873,125.10116314073989
-22.801555691401845,119.33273558700377
-12.590313286499978,143.21429497104103
-19.649382364956498,140.72755273062984
-23.072102044902127,149.066559925062
-17.98399325188888,129.56777697082998
-31.30896874350894,124.55808157587595
-28.311642106684495,133.1094990722363
-30.24680745355421,117.83234961675252
-22.122011846166195,135.44430573516058
-26.796091044852805,137.01448109602
-21.413823623971485,148.94435171006123
-29.81061285445154,124.85496736246989
-28.104057724573803,135.5427059707177
-21.051978666430866,142.6236695181099
-27.830107665663007,145.9002017144524
-29.461810814314504,152.91424149610592
-22.59639822263362,136.87755834980513
-23.77073687903449,128.03784166890904
-23.803878723563237,141.295148141636
-33.05408650461396,138.96276942231052
-14.853908175520875,143.56078423520944
-18.000271543224386,138.52124332602415
-25.97411005884758,124.8114948483724
-26.320997950127595,144.18219524599263
-37.13602656044501,144.32829582879097
-21.500269918975555,125.85705847382299
-24.621820543945045,121.64585875393585
-23.43252341082962,143.50614462655295
-30.912519874289178,150.79955910593426
-22.62753078406324,146.95987782218552
-14.882953382726942,127.0727598678621
-30.475307688300163,137.75932685322732
-22.241445719720748,147.7180703606806
-27.85340378615749,131.7973022627657
-19.360430237057688,134.0845807259522
-18.5650289905527,142.19585546496552
-26.77093221674954,139.71085583949096
-26.90476912134145,141.7697532111106
-27.016732110900925,136.04092769386588
-23.138807759442336,131.69300829980793
-22.040855848099444,142.69937873516122
-26.456066962192477,126.17557742683657
-28.89520901222121,127.86486536540485
-31.590131328903134,150.06197006475685
-37.62532626995371,142.7927659051835
-26.64973459444581,130.00827782841316
-30.46545515661883,135.0807066877765
-19.09104672028527,132.03632595869132
-33.03917956979174,147.77141040424348
-28.0650567673041,117.06064335505197
-31.615815369070432,117.51832578320804
-22.871142102754593,145.52343911711546
-25.619022493747266,150.7356624987393
-25.703769586314188,145.6892559962539
-30.027748847394697,140.76326538909666
-29.73657462976953,124.95973731278184
-30.739613172343034,147.61382369738925
-31.388494935756484,132.17807521664707
-19.102828905963936,138.51672003435908
-23.177691170598077,125.9773300846645
-29.63467776827479,116.7813815384199
-25.918425930863137,116.91922444543799
-18.971890118659704,142.55868714087433
-37.21927454565982,149.09565642171077
-26.014893608857662,119.6382578649943
-23.70755526995664,131.65694361927098
-36.13910390399894,146.56252027872466
-22.277956700539303,123.05754946556671
-26.441075926011578,140.19406547964957
-21.687328866321728,135.0905949110287
-18.528989612762373,122.27291718681153
-28.12333010693287,136.65215584908537
-17.293651074892956,124.31464966316337
-34.311958023532334,118.26477275215498
-27.0688165690766,148.06318450988704
-23.463779678472527,146.15751352463488
-29.09595914343856,125.96823335655445
-41.01047016564664,145.28472009375292
-31.020111594718376,125.70610860040787
-31.625370147470925,143.83534494595543
-22.45143744017902,137.1475431643086
-33.56005382849692,119.2628903249628
-21.15283681966646,131.27072121494183
-38.5397514394411,146.75259400185092
-25.206351180802876,135.5343360145101
-27.428439326886462,117.42367716784672
-26.834851128752426,148.29817180154356
-24.278555742438694,151.4911610483892
-19.246262332033943,128.8973904283733
-31.576080446386186,128.5456870248949
-32.80345693293845,136.23170141346753
-23.024403070246272,141.05112949681524
-29.835003663342714,142.3028844339718
-22.05155956015225,124.35110907662538
-18.390092646742932,124.32882088662802
-28.5111872212077,125.73344778184857
-18.145054206638765,139.68495235854812
-26.484209942018506,131.8142565237451
-20.411800225340254,135.9085315527261
-28.52273572648778,137.07949210996028
-26.01658643098214,152.79135009106497
-19.093763538379672,138.77324378546126
-24.900651982251045,141.37082977953247
-14.368838859649316,134.11145416841106
-25.772709792704145,126.13010715112881
-23.314822255890984,141.7235885717937
-31.835072077917427,121.09197470449006
-27.7929588798078,138.20346042197764
-32.446389600498975,144.76321515605804
-34.073826006594025,137.799770091623
-30.906916044426783,139.28811691742052
-36.418982137918924,149.04487661215194
-26.11977896194429,119.63733851603907
-25.88770236141124,117.39200134248777
-25.26873985991205,134.46707269649866
-21.081806211515975,116.27650989425092
-30.428205510249427,144.91182130215202
-37.78088576132958,142.82466192870044
-18.016847153680793,141.41950369820862
-20.707446005658806,134.22233825382054
-31.341521423038415,138.87789315491844
-23.94583072351776,125.61347342677038
-29.582331460910126,127.25233877781214
-22.637487829709574,141.16502843484417
-23.860271824765643,138.82497552129288
-35.18080829234953,141.54661378539654
-16.642454466807234,143.18113820832923
-29.04608747582678,135.13892210316845
-18.044884609124455,131.97078306556554
-21.95081447436611,124.15677757882189
-20.721344112497114,117.83647564984274
-24.062051847646515,125.41908935337716
-30.558470567056695,149.01374957224155
-29.357347695441888,131.97022706662852
-38.400425388811854,144.8332916804208
-15.413528978764038,143.59560391139578
-31.0307141918018,145.4644246137717
-29.088301859700525,119.49757640200644
-30.873474422366158,136.23248592351874
-26.748513179477754,124.40086108229926
-29.486322089469972,120.15436328332635
-26.771293036109856,145.5554463722143
-18.863684274958516,127.094669030468
-21.117755999115293,148.18374937898537
-18.184550074728303,141.1565073354534
-23.39185121840876,137.28320168659823
-36.06307208665859,149.78891811476456
-18.13245316882049,130.54416725041563
-31.17543881114336,147.2610433612291
-23.96674902937884,141.7323843202939
-29.062994451348978,131.25855360989942
-27.016027497084977,142.85315035654713
-19.54654153588147,121.84964284420737
-24.56882866543264,144.72197824976942
-27.38521789424399,126.03343212322773
-32.02685112795321,143.4465984562184
-31.73975464378298,140.2508606809882
-29.26516743048738,141.0260464715986
-15.67833011524414,132.65799969369982
-26.457361655701387,136.07405404748405
-29.377867369260137,151.1414397329949
-33.99286477079299,119.41192898933062
-34.23920972503726,117.2986419066302
-26.468824829730917,122.16820856558697
-18.587863880906536,122.13763927580047
-28.92894868712947,116.31104518941699
-25.681969002036436,140.66408360246527
-31.402900691184115,125.2834606225281
-41.046184448507354,147.94605109422056
-16.507838003956174,124.21441597865814
-26.688068307067716,128.32402928326354
-30.462855382376702,124.88792787177292
-22.254875571170434,121.40579968466336
-22.787626294961882,124.40937414339052
-35.75201357524847,144.01227667414506
-25.238847569145452,144.82984686584777
-25.93501299405245,138.32172950495328
-32.20066320486491,123.9607196118341
-21.63678007221154,127.32379445711419
-14.410796911553703,125.66153711772533
-26.4490621088438,122.43053077798827
-17.308023361098364,135.80940895047803
-13.923052918946084,133.73272973326084
-14.39083210323567,141.58933173400297
-25.10307045401049,118.65968374920006
-12.406098548622452,130.56525648984265
-16.307456338439355,141.3213255339018
-22.824337795965754,130.43667940791133
-18.8312246916599,140.93103440304708
-33.72697526209803,140.68072327094097
-29.15797065156643,139.78305376830414
-12.92571615963373,133.51625502326556
-26.598119154529257,120.20321128615558
-28.632903084667852,118.32140739632455
-24.5738877296874,134.42679151415916
-14.052253939225906,127.0893858829925
-30.789583049163525,137.01616128835056
-26.553334933337148,144.16179198366822
-20.144054112796354,139.5868050256508
-24.1647603411838,127.7015913437481
-31.28574479036564,135.28568542243607
-13.751445157573016,135.67900120503575
-19.926120870660853,128.36263664402188
-19.684564832577365,129.7043657080576
-19.82468461135084,124.19333592214569
-16.6730423795209,134.08527410496546
-19.22188882648597,125.97039389678463
-25.55757404072306,123.18095878408224
-31.72950291892052,146.64347420284304
-21.581066134742986,146.35447527959394
-32.34142770570743,118.38664674360943
-18.237593282147213,137.33181164240602
-33.70502420353664,118.90913368979112
-36.09451059386986,147.96947156127203
-19.109991506775344,135.9822822679521
-25.553284665099778,143.52764424583518
-18.28991208626243,135.38428006467484
-21.804773153923232,120.50879637930927
-22.013106294232998,136.89149760170199
-18.045286176345584,131.01384144796435
-32.78288959693276,122.167016252913
-32.90616757260963,149.36045121519626
-20.76067352678895,126.75174054712618
-23.20518637862117,145.10044449850358
-38.164282764673985,142.63168811317823
-14.43675357496372,143.0831328065446
-21.707923524953106,133.81993279034407
-16.395583192551417,144.8347217649773
-18.272141978499448,139.22178714165352
-35.5412949587445,144.18366477555014
-23.95691496105172,142.75320023534434
-31.41004398980659,129.06831498570895
-18.850126257647265,127.41345778856603
-17.20216821062288,133.49065592317422
-24.303640872891275,114.20769382282964
-21.368106002222497,116.7068619840266
-27.167863426077297,148.05976141939925
-16.223898913906044,125.6711345852875
-28.167910668995212,151.5819247379972
-31.281640698486378,128.16448278135826
-18.51487212938999,124.63511652208886
-31.7437361645025,152.11925383599538
-22.842565898085102,117.82941378511963
-30.815191923101704,115.84621375136412
-14.483960260648232,131.98455660623614
-22.415395721252942,129.47803095589092
-17.88185214264203,141.2709903652352
-18.177131366472125,144.96351846776838
-23.583569253327454,124.72003132484909
-25.17855885967989,120.83693253140562
-33.340277262249856,137.07060363906257
-19.877841603964107,138.4258589755948
-13.805032957791461,130.79528093929002
-20.532567363038755,118.9018239243564
-25.06360336790936,120.74184609582315
-38.364560930491415,146.02454321402269
-24.94523501257924,136.29157784156774
-16.384295349782615,124.03653042399878
-28.198664257646257,143.2047190191294
-26.836977047905084,120.53191416851182
-26.841415114401045,147.2774779809972
-28.628419029201403,143.54531801202026
-25.1595164861596,126.04542143141035
-36.321447637737464,142.1695552007385
-36.80375261996935,139.9876288946752
-14.637426452145249,134.7956223075783
-30.73578685544386,115.7439873716572
-20.491258146991367,144.3626116002108
-24.013988557091597,132.4823941001016
-30.236458754990984,133.07712915121493
-22.18760908531932,149.51696133125432
-34.720169530714806,142.46358266597264
-15.508807723668085,142.9473126558126
-26.592144275574732,123.03584159680595
-27.76916184986439,119.1098988082141
-31.297139488694604,149.47588049570143
-32.74008911981342,119.02847609965947
-37.614480020576494,145.59648252301383
-27.651422131286342,119.75986610931525
-31.45863555821219,152.59956158740704
-24.1555489729757,146.95382483224847
-28.05362236335778,128.87172958444071
-28.502941011333718,119.33145377717017
-14.479591872579725,129.64034021557418
-15.445372464769601,142.69620369493657
-29.076046564072506,130.76878400755191
-13.793351171808574,141.81656031563423
-16.35338774236742,132.76571067294816
-18.3434506398748,130.3494650566545
-31.567500741600494,143.0903749423919
-24.137193983765833,115.95539670693722
-32.00114591093272,126.21413126229518
-15.65273678616581,128.46969450126136
-28.92412976910112,123.28935050002282
-12.642203737216889,131.35304160487016
-26.24367690575939,146.21450184306252
-34.06049504481646,138.86332214523424
-17.503800855717664,126.2264455120225
-22.15517009138286,139.93717559699684
-15.983967727061412,133.3410970819105
-19.87033790647464,130.0744293798982
-16.849335082247432,136.6783917458556
-29.58833888633288,120.34538048647744
-26.11156484802438,132.94457873082942
-29.307115119030772,123.67639475394172
-27.281258547330122,134.3879233307041
-23.44628785968291,114.39887563597307
-27.071842264529643,128.1675402268208
-20.123925013436747,127.31319040300963
-27.39665516518381,133.96199498453598
-22.799998400479492,142.48608824416948
-23.226194820836547,124.82957326915303
-37.42755548128671,142.84543643903766
-31.49408078512475,128.76289623844426
-20.500666643415737,145.9788574758916
-17.297930075080938,139.22683045105543
-21.21407697007318,118.32640083714583
-21.292854482960845,146.70398380958514
-16.04196728594825,130.25219011640047
-27.99407141413457,130.20074551575652
-24.986619646994676,121.2175414431468
-25.777331535350275,122.03561972711863
-24.960450040766347,142.10112378782594
-29.393950798379016,122.88128991685484
-32.282053295843355,152.4356668716753
-26.78319767231116,115.18082885665099
-24.994665942030217,123.06609757554993
-22.893898575864636,148.71238093032213
-30.002420879613947,140.6133144787167
-16.842196686793084,128.15045967416336
-22.66026908768249,142.5293555713441
-20.2104245306581,131.856968133201
-28.293146467876735,145.64369021739003
-28.70316602705116,148.80077362807137
-33.579213901776626,145.4364761460489
-32.42300712541986,146.59816928379996
-41.74349580188864,147.71324544699075
-32.125604167585905,137.34919922506728
-29.38737476835876,141.7290383301916
-21.949769282754396,124.13837332366106
-24.385840557150956,136.07636656071205
-22.521517520912543,144.19112104472242
-31.78553024440967,120.02901413488705
-16.19101674232604,134.66047990728362
-13.431278313000465,130.59147427698494
-23.924300551223055,118.24925107491582
-29.366893932492943,126.47981400139352
-31.614592881923198,118.74376937787981
-26.38968985607368,147.73005485484086
-22.47106302631008,136.06747281736284
-41.30675165469578,146.6102153801425
-25.424468754993136,123.02193548449199
-17.70601310892295,123.77368342788169
-22.366803310051214,138.06351065947507
-30.950985304453035,131.07571163988553
-34.7370275978728,143.70244931257034
-37.96152723130797,140.82635817128696
-29.31622623509933,152.84845694069122
-30.313902921819086,120.15204153761982
-25.97058390975329,150.090221056676
-34.390894300025494,145.22738067245652
-32.17254000043443,137.68077245619327
-31.651831734279867,133.25386241244323
-24.956497078660725,119.3273798406978
-17.603930686045167,143.46163936680375
-32.57861894043762,116.7235183105612
-22.774632779506742,121.52408596557021
-34.33634421234147,148.40986901693498
-34.88372210966693,149.1200085553365
-27.396548435037896,136.5605314474007
-29.433241832689795,143.5539429855875
-33.17314971026748,118.81269710563042
-32.42120582514581,138.61886051534498
-20.446029450804176,124.12616645447737
-21.86455287398011,132.3113714150741
-29.322554350725646,145.9460829051813
-31.128414783573607,136.9912660424664
-27.248854093466708,141.68038140501102
-18.873252870338614,124.28292005592822
-33.926870319646845,139.97539762103335
-31.555075357666173,152.13704378807287
-34.41059541838875,142.85583318536993
-20.13922691652268,131.2405065310247
-30.281989298731176,146.74961425762504
-36.75636682631322,140.40838074356046
-32.36182783217794,147.57747624854156
-19.613301108263475,145.36376294530123
-14.245451741949658,129.77553680234107
-28.734595420958595,145.87881334555647
-32.428231524659424,119.60667673802523
-25.90204310839533,134.55227289945176
-20.115851154940213,143.39821489240165
-16.48646271920935,134.69929552273703
-29.772130740146615,146.17145731196584
-25.32973115107879,136.85042251906663
-22.190063401106602,116.67053013812087
-26.07357120006738,129.41645073311867
-38.47558313570997,146.99366219990006
-18.89393282497045,121.83154607463268
-31.33477076394387,127.77646924130241
-32.925804744561084,137.40050300455937
-26.592255975354398,151.27455598897834
-35.68948364766644,149.97395761918008
-27.53255827916117,126.25750244515108
-23.825593876333834,144.86133638153717
-24.508283642035142,121.21297378821818
-21.329258714556207,117.95149995183274
-30.22285284811737,133.9540649189046
-31.279390268481315,124.65305110616308
-29.59401041734583,140.24942512788547
-15.17892972496514,144.79104484731906
-29.89542270740283,148.8063791652189
-22.732896249747128,114.87389218690232
-31.019172878871128,141.49389757519623
-25.905889850239237,144.4006332996741
-28.651742512833284,117.7913099155929
-24.095712597568387,129.44825714258135
-16.42789191290107,132.5622632499904
-16.22264057618439,132.76568883985064
-24.37770356483928,141.68703395919434
-17.197686373600025,130.09495172271585
-27.4643868412814,147.64802189965218
-31.38557680996394,148.75513652171878
-29.326210410047914,137.98424768180726
-17.834115271109276,129.33778753116403
-14.491332728853877,143.6911515392291
-26.548411845645532,123.10187832018036
-24.823460550662972,141.38071936019384
-25.061909481041095,137.6833596601601
-28.21775438268219,131.7121041668612
-24.00007674022909,147.34440744446772
-23.534125225123603,128.9833583646327
-31.171002475372383,148.41144487488356
-34.52250546112259,142.16049336529244
-19.235243088216194,130.59376070075675
-31.746441681416982,135.76094687889605
-22.87179130738465,122.85697821708654
-20.61027681488681,131.55889608552138
-31.61170315965569,117.65716663228459
-21.537066697204228,120.39969324097905
-24.76163259763892,147.60289544084563
-32.69062118504521,116.80862841318522
-35.285612307604495,145.90587149600293
-30.82292518092359,149.60149143473268
-24.41963833812566,121.3098183429095
-22.55590190160206,127.91699254462803
-18.3734014375772,127.05076071122055
-21.340781038628847,120.31069180538891
-18.738623950278217,132.64718728428392
-27.26172960598327,129.58011091431973
-32.772728319383546,137.74102060512277
-19.60907087933535,123.58852351088292
-27.125156632271835,127.49613307452378
-34.86670462399214,140.33355566426007
-28.610275231258598,132.35513399185072
-33.742025389888404,138.6514730460638
-17.496886672335638,145.03483106133592
-21.02854018868492,144.94270498075394
-13.781791641402524,131.38080367666117
-30.93819820745803,147.52524978476112
-27.12671455423517,147.59574980117415
-29.711150308173572,123.180400497701
-29.29604508694615,126.1099084489363
-22.08084043478749,140.65000614797097
-24.391272106323765,146.72405147875327
-26.224321485994192,145.57662776705004
-20.557867608785354,133.74335060930076
-29.763271317264305,132.87377459752176
-43.2850040333501,146.98358203928169
-12.410458897928127,136.42461873187574
-15.180229997158417,135.18805918127214
-27.26300737380139,139.0868802898565
-21.0768883010518,146.67662864823635
-23.836389780898617,122.2724237708095
-37.43448332223213,144.34484477088975
-12.39542222125905,134.69254644526177
-17.262360296951055,124.39260399767512
-28.817998736510916,131.91627446272756
-17.87383536167846,126.081140449383
-25.388964892344823,122.06207134938712
-16.546488230370443,142.8570110917383
-16.494453339688132,143.39200352520817
-13.396034424486032,135.0956908378923
-32.16534844240701,144.58792259385274
-35.065136332826675,147.05480132011013
-19.614155870500017,143.31759765256638
-17.886775843201857,134.65940962858804
-32.20832672203571,151.13280500922684
-27.612239781097752,148.35741315534145
-24.679464603436053,134.49791324025682
-15.865099972517413,136.3427565186892
-32.026139749782246,144.3667156528271
-28.125501464301287,117.51651741683673
-27.717220275580786,126.40652337680328
-17.67477482089947,124.79120753769625
-38.291207229389215,142.0522397662946
-12.60697361510558,132.65155038649868
-20.984219815924778,119.16851680282267
-22.492833864953575,120.5910011773894
-23.756213489626692,142.95256942805756
-30.80856057296667,140.94900529659108
-33.46336069216897,146.51948501312603
-24.64086073674263,140.46409028747914
-25.024875992010468,134.9743298517966
-26.256605368878517,147.84994256208637
-20.531202631475576,135.97703175965492
-22.80383933391303,117.13670625713412
-16.165165260507678,126.70576071059206
-13.6515117102836,130.69316741583137
-18.113465332889998,139.38922087482942
-27.23501720005092,136.63760957340943
-29.23101109447407,142.44792180369188
-22.086046984925684,120.49117324452098
-33.41602760623016,115.73755469713167
-18.834748767612737,143.63730533675218
-18.9153112450006,140.4366779951268
-22.96708459024103,142.73810315491355
-17.445516255186437,145.84614145652884
-29.016936861023147,132.37032393718883
-29.80749667477572,147.32070019203007
-32.43489909298262,118.36352982049324
-12.470552000930798,135.44892253578757
-17.548048617218782,123.45261183707484
-24.247194117352127,151.1013978570618
-27.845032326006603,142.07130297301003
-27.89881501673565,130.85042871300843
-32.07655282182585,116.56094242248865
-16.482759383903357,130.08623167034662
-21.62683780158185,117.49791650606014
-23.330937092188393,144.65385499022068
-17.55779508980559,144.49376439111796
-37.791235558819125,147.58483303994313
-24.634928589438758,120.82695877522639
-29.511116307067343,123.87162136568436
-16.24945057255068,132.02092333044888
-28.654053837604764,152.93832837882616
-25.31107594146222,128.48686844464643
-28.227643824856717,116.83813933879767
-32.24309388082965,142.0376294332439
-24.47666680755116,115.98712018096417
-31.944211412423847,121.97901754001794
-24.261672921576555,123.64153876255841
-26.073503037918197,136.47528016419386
-27.01319834659652,146.6709148610153
-37.38486287312513,144.8285930486383
-25.044524674524574,142.42833623340937
-15.845705331416799,131.5917227286427
-24.946860708976978,148.38563716633809
-25.263779452174475,137.43899106587614
-18.303271138423206,142.18600072829867
-22.214357194429525,127.68257038740006
-21.07714497588508,144.56155732101502
-16.744789741259318,142.78046450842896
-36.16561515176125,148.37061859074478
-12.971935721971555,132.1401028584272
-29.667068878905837,140.8636293676992
-31.224830323960575,144.0012628335063
-28.87228889965704,137.42675502222323
-28.317499424186735,146.9578973997497
-30.779664438653068,141.44893954207967
-26.4928021770196,152.604751460723
-29.00808290330314,136.81680750581788
-43.53650816190333,146.16542213455725
-22.723878775360493,120.69778508995657
-28.846241559104435,118.00025893072784
-19.91362927712369,145.924974413824
-15.885977654984426,128.7224121901583
-26.123893124073426,120.38193105862364
-29.610195348238847,128.11059993889083
-20.046652833292164,131.4873000507095
-24.54652117677474,119.29183844306873
-16.972306162709515,130.56365493276635
-30.499417515880737,148.87754255735624
-25.01022489479583,115.54502818706804
-25.50884877019366,127.85141165681642
-12.737645745417435,135.7908667857049
-13.160420811739446,142.86846165509706
-24.039138623739866,147.19257303292275
-27.795726410392664,123.25214925601944
-24.437946882914215,149.2385289698023
-25.951215980215323,137.58958991387948
-26.999591167211918,116.3116040287974
-28.174811454720274,151.18704090841857
-16.80170746910937,124.56897354541543
-22.22731250595531,149.04263941303734
-25.7445342682618,116.6171259470906
-35.12304882301102,137.47589670703226
-20.94675098959321,143.10813844725308
-12.590839480361876,134.46617389765294
-32.3324396503006,120.73108344629775
-30.515203217730427,117.60049522636577
-20.802294238676573,116.49653263213683
-18.232442921371913,124.86794261797984
-33.98336770728789,135.8846059109332
-25.548553670884253,125.99767781754257
-17.74891955185235,145.54248402782315
-28.697868915445103,144.97686907799599
-28.426050896592482,128.34722525898144
-17.014311227620624,124.88549766584126
-23.89853087101627,123.46922432671695
-23.260174731936488,121.71353485542572
-35.22729516191266,144.8366673991502
-20.49717260034674,141.26844089482833
-32.94102481483632,134.50881138763467
-31.480081819224836,138.81695525885573
-18.235739855257787,141.31096050184618
-19.99081548349326,139.95141214185793
-26.190014962761197,146.35469330582572
-21.227944606809807,137.25485206942454
-34.2467107769898,136.03115113195264
-37.42493868716386,148.48424347379478
-29.284255463229243,139.28437887230058
-33.09177211472052,143.52781195695007
-31.821691874596134,150.31309412478524
-22.994479296467752,121.12549359473289
-26.60282742070519,138.43518036854832
-28.395896002610076,145.3075917333959
-26.257798717049127,132.10344745151954
-18.441195965339432,144.33385873543975
-31.095662524958634,135.43941131477945
-19.194652891026106,142.08481147340996
-30.543885011481656,136.9957950013755
-25.042947751914447,120.56861715442074
-21.997863807953355,126.36432176479745
-30.522517612244755,123.11446809626156
-17.564417360716604,143.65540871399494
-29.032318539388882,130.3867790387555
-28.662677351879786,118.61953746391708
-30.1694947319819,145.0949631836652
-32.40152438213583,120.12359868277622
-31.34010057171335,135.76696822396835
-21.82955655511629,131.29093040351813
-34.837110103056816,137.6543938991508
-22.595808496748298,119.32306783608144
-15.690667363409737,135.9792317167741
-20.808375384964485,117.97341474933346
-24.195033478325428,117.83470664972404
-17.15387810444472,127.37684961400733
-31.44504210659263,148.9951286593919
-26.21029938088959,129.16279865064521
-34.18731869065841,140.29529392306017
-30.34332660473696,123.91568813430472
-27.21225741148396,142.13815338397413
-12.92399387851918,143.45045690514817
-42.01977430087562,146.40309228970438
-24.396783611832035,133.353753240331
-26.107171105797658,124.98563847083452
-34.97941535734078,147.00698473654225
-23.89171980379007,114.99037239153637
-26.195991583718044,150.5398337615891
-24.26408473099828,114.30486949515955
-24.025597673139973,149.06699882857998
-15.526939957555982,134.30116206795736
-29.231269532837402,121.8225342547515
-28.718417325348554,148.1566872636418
-26.438918106802088,132.06081366210364
-19.533377228456878,138.0255609858216
-12.12329924294573,134.64329225788617
-27.69393345052464,119.30264166713441
-36.06577736215457,144.11862813623654
-18.641362091725156,138.62884121764503
-28.720761315338642,124.27655468405936
-13.838472253858278,134.82144831132612
-28.582868834088927,148.64314781499883
-23.552398361108,147.78775727992908
-26.053214018625972,149.5863136689714
-31.938609311319517,147.69539547849996
-22.995629091610613,149.65413770369213
-29.08673862916192,152.79839004028017
-13.573789436139759,141.97783994033543
-35.43221925578831,139.87067502061316
-27.028024385900423,135.29258580968212
-29.80991214675778,136.9581716600852
-12.000526794686465,134.15402068364116
-13.162670890564954,134.8260730037792
-24.373363452868826,150.7520618163992
-33.98700269318621,137.74362321936988
-21.14977239411915,142.8985045276029
-27.21203486371814,137.19410963111645
-29.439821353661475,143.30909184290945
-17.894883200064488,137.547710587265
-20.827941558325104,134.86270328403344
-34.18709710361402,139.1797075562377
-30.850251145425545,115.97495933201374
-24.70645524155895,116.84604095959288
-28.265546731322086,126.62973224184803
-28.22924134606123,133.74127887628657
-32.38572141005674,124.33479474392135
-21.168028445201397,121.61804851152377
-23.957922312808083,116.90937962298268
-16.727999330471572,134.62140913443244
-29.70631248267057,152.22732353545973
-18.346041027276385,145.19758281735247
-11.28696660905019,131.99540266276875
-15.210268380443523,132.17099438721968
-31.318787927118898,127.86486106441797
-26.7674155349233,114.96270457224107
-36.49802744746137,146.7260605052101
-34.146694269360495,116.60563109504923
-24.675283333861756,136.3350313409707
-19.97068164126964,127.26874842417452
-26.917205265330818,126.36583275603974
-22.165158028391918,135.4899143852333
-21.428460862961774,118.0745753980847
-24.142601225609436,118.890893915499
-16.261286549699427,143.34329024041185
-34.09823132380036,151.04832849252412
-30.09666088923121,135.33503283339417
-31.729915191641098,127.65182299324587
-29.938138519499887,132.75747955620824
-25.826616465135547,152.35510550364825
-24.537281232706,146.37609663791122
-25.247837087140145,125.28350013654855
-31.66675297599337,136.73863558141198
-29.9902626385881,134.8956229573102
-20.60884479655919,141.2481358436964
-20.88104495618841,147.14415344368538
-23.105393964790878,133.05364726487304
-22.09371861833859,140.77932746515046
-27.174971715922265,144.33158457909977
-22.334095124576738,139.26646528049525
-20.612872768548232,137.42290514172242
-30.629773243080773,148.1610068894466
-27.039255201818783,139.85765911317716
-31.470400825412927,140.70037765618423
-21.430373580559028,130.23848946908092
-29.411296823703985,148.07454209615454
-30.68017353866851,131.75187362779988
-29.37183614157621,119.39243085453515
-13.094639127830074,130.21781104053397
-30.9398297181917,149.58013602799224
-33.592802534530534,139.46423853785478
-29.788810625624745,139.48311196002788
-27.56800661227989,151.5786584392538
-17.765262695039137,144.26753495531742
-37.28052591761582,149.56188717391174
-33.85351190364003,143.9637361022394
-28.184722180404606,139.8130864519787
-24.952329547977936,150.36921589442917
-28.60084954131066,143.5799268255213
-21.876572722727417,117.00498927572274
-27.464050883133567,114.82665974636517
-24.797752810056565,133.37773697582537
-26.915891753520008,132.68451525642467
-30.691813534345393,139.91719162854852
-25.271212363093827,129.07499080076286
-20.736776571469424,138.25207890884025
-33.78962735356061,150.84952956545618
-17.906235663728523,144.19455311971123
-13.657673430965467,135.01789276973514
-31.690376015648443,120.46808663456956
-15.206213899227677,132.68900668470513
-27.830044594891035,141.1776810965403
-35.415774072800076,145.0470322763308
-30.143393716201945,152.30881242940436
-22.024066982750444,117.95295985905372
-31.218721298715362,135.34071532760015
-14.934669282683505,133.3715330932149
-21.780548961675244,144.0478654603903
-22.86860265708425,135.81955393614308
-37.07380416903657,147.8886526771261
-23.03331185777961,146.30122690377277
-22.325858932101823,128.00195048161254
-14.837216076313691,129.74577730396038
-21.25007197057816,116.5281829420408
-35.77358732727261,140.02109313744316
-17.82016032779627,145.2334220050207
-26.27204083869336,149.26218474638108
-12.329462450765565,136.8090404424391
-22.717023744804933,130.16036999688777
-12.78178254695544,133.26933857486284
-16.87204477777425,141.3279699677129
-28.5418504798756,115.58651934272774
-23.556247753673897,129.87983148529443
-32.51037241623135,149.1737804707029
-23.8937808588607,126.33219753465158
-42.04486104622528,146.63554286955107
-32.377206364700484,141.6357944669691
-28.02940318656645,152.18578102344998
-33.362545773432466,116.97457448354054
-23.017822761438374,123.6363442798866
-29.090519473951463,119.21093382432745
-15.332142462771145,126.27026173844456
-30.07202768144711,142.69978536959704
-28.932140488684027,149.160690364436
-25.70620358377397,151.3656991327348
-33.8792729962498,115.45804639591977
-13.492721951434063,132.84348444024187
-20.037155973818937,142.16039536729022
-24.060963986972514,144.52983979543566
-29.03856321540104,136.07772472809467
-17.585963115105915,124.4111163742325
-26.459886101944363,141.3217130120704
-27.178583924392374,126.95809651511786
-26.439574812013287,123.3261307332415
-27.58559585991762,116.2445108131622
-35.094047847708026,145.30607944130315
-17.112204347608117,134.2640763272707
-29.373241304594565,130.5051810959256
-32.830055525679704,139.12648368929698
-29.58687451616977,134.72890726270228
-25.46440832900646,124.94171828891355
-25.86572961973362,116.45826183859728
-28.366019938959973,133.20138617677657
-30.73163295698556,147.47058011964634
-31.99806306036899,138.9098936469561
-26.24377056768746,135.5940340347287
-35.63994188251475,140.5253091562427
-29.41673432504077,137.99224128749103
-22.165304547935083,134.8813095338322
-29.01537675121581,119.71811534753677
-23.52881709350577,126.71407372260128
-21.805286584858404,137.17844762407077
-24.908235255734766,117.11573089624343
-19.012509654336604,122.20119132741648
-20.448217783227708,126.71206842709913
-31.866993874437025,151.9836587939307
-32.561239814753684,142.54388575769138
-11.031424556308856,142.1894157706398
-24.11928201196824,134.23924270680033
-22.944567838714498,119.5155802964607
-19.254271981942058,142.66572564285087
-28.225803521887045,137.4659218025598
-34.67494267080616,146.96662842094597
-17.965746606427082,123.1730121174677
-20.287159601116855,128.28228837112604
-17.873897022829212,133.45917263146126
-32.08043857880593,125.56933134239307
-31.31328605516264,136.34175894004477
-33.44283974572413,122.71350225446375
-18.275962467523982,133.8273881384284
-32.23619929621634,142.50904878374686
-17.2926065378252,136.20006655109438
-30.490590705884284,146.96505910454925
-21.52501982327907,124.38488096353953
-24.233117356973047,130.05523168019968
-18.005491853737805,142.13908179492444
-37.02410243944433,144.02062100016
-33.47026951574874,150.59574382518298
-23.596570339465966,124.18032640616147
-23.990636426042858,132.43857599643454
-16.816768234117617,136.79315389413804
-33.57237433811446,120.78772662508776
-25.026146829649402,136.57698666111065
-29.192891478897977,127.2570039999964
-26.21140635083788,129.3529875693495
-24.387567951405266,145.65752663007305
-42.953988794509456,147.46057344370743
-31.466354461134358,124.43994131405745
-31.588184470717028,125.43837338159149
-20.06088773305168,147.77482948440246
-29.521429552255334,136.07656801579935
-12.944495478111207,133.96971386822923
-17.03363636566319,137.95266802965136
-21.868197022826457,139.68727402047944
-29.88931861871103,139.62768148346234
-25.70761198745015,150.68892167469915
-32.90285832202265,142.5594616178519
-23.033848261656967,134.73212008333374
-22.63979355937731,142.00228854039128
-31.01957917481449,142.27270433762794
-16.474840585874116,142.96673112519582
-16.033896887339452,145.38265649406677
-23.716041908291224,122.53122159387462
-18.32124506144405,124.25327101952284
-32.02202449365875,122.68514553896583
-20.935576020471853,117.8933527133046
-25.831373137951182,114.48576535850937
-29.35484739406227,144.20953970872793
-32.46497686456915,136.28371594744152
-21.325296102148002,148.75905044774652
-23.34891636440684,150.26032464574274
-29.288124731160718,136.55101080673938
-28.911188278127664,122.60052827002244
-27.581491255876028,133.5276174281179
-23.017981368614855,143.50831391453542
-19.77797242923471,129.3645387683519
-12.63633145794729,136.35013330366155
-34.69071753309163,149.07680334026864
-27.189699310522947,130.89968165828188
-11.956504462038602,135.67971926217206
-22.90973010564804,123.77908930569737
-22.528465625973027,133.69576669629376
-33.644803135243485,140.4380550652757
-26.429655255200693,122.35211852576359
-16.444247474540365,124.2709470778515
-28.118583342397717,144.28452187358624
-20.686614141252598,137.52882888667662
-14.640484069914184,143.99576439793307
-24.949521685292403,128.34034838231884
-23.544928190155517,141.83692451909283
-31.94345094833039,120.88081044077188
-23.05072262013637,149.3777877533852
-24.244790433331236,133.24246424936538
-29.117533772226395,121.46267489369072
-27.338848238032593,114.60813962268351
-29.597850303439415,115.1409722510704
-22.714261536691435,118.10496446359709
-18.95560995045926,141.98909819634548
-29.444824351278076,149.33062805959136
-42.3375765389506,145.30309770610347
-26.21997845279163,125.81613850301481
-19.00251773706345,137.27380216788595
-33.63267635383704,139.7434724197537
-33.88738664473608,148.87999559170447
-29.189001729702245,142.14281443507716
-21.818157764893705,123.90926259640254
-26.29158815026323,132.3039147965289
-18.245203918513724,125.01412921394598
-27.704103105815456,151.47338301171328
-37.00702335611304,148.37551134696173
-26.824005764206433,136.961272650133
-24.052031220404576,130.4147381177691
-29.77633848183398,135.74547513917463
-27.14162833432382,131.52867333816042
-25.419341694778826,134.30940307385467
-20.846882119584365,135.33961460260934
-25.865911940203773,117.9820295963187
-32.71209084697832,135.8377991149654
-29.26450340083347,153.02138146506982
-38.250090936212345,147.22468005374094
-19.273085640467112,131.17388738254175
-22.65694290112283,144.74143221241224
-30.832132627812467,125.74385378092326
-20.491180764333635,131.8024986123317
-26.99147962395546,134.14590116597606
-19.698686397812928,140.97137380588362
-10.971564322814118,142.2159674757989
-27.239330109201997,139.38508170910933
-16.72344380244509,131.29655028348057
-31.954816903912175,152.3784600182222
-29.605339556123845,138.56726406997538
-17.895759265232897,142.02774119882147
-33.65732304102989,147.42782702441912
-11.33413373769865,142.37619279062957
-28.199084867217564,140.1979797120262
-17.00448386058147,129.07985286824177
-19.94597174388397,142.82490500585055
-30.982097106714093,150.38682610137374
-22.184756227107673,138.03697787477577
-24.436094212868642,126.27384322868421
-17.423024173786306,123.81839464867325
-32.773010799298326,120.6015687848952
-20.847289350334684,138.3179777223286
-22.154858717907555,141.30768784662135
-17.731334265216525,133.55942162883412
-28.312022009271082,118.28544349086923
-29.981240457848703,127.94942285960099
-31.018963477559126,115.82622719441333
-18.762519743989035,126.21527885333376
-28.754224615716154,130.3228751640889
-33.65694953376629,138.8245317546943
-17.177020501460344,123.30817045822526
-24.204071401660823,125.42249254047606
-38.36740411818394,147.19618357526952
-25.25925317298,146.8627901332006
-29.41780003359687,149.58400197217682
-28.47448680698485,127.18640951669472
-27.917019781926854,131.24357076180561
-14.485875038024595,141.86976328107082
-24.215186644888146,145.37531510485206
-22.744865513093433,126.7691047914157
-35.90570124421856,146.28559627030612
-21.111335616330283,148.3147492243421
-33.894849762065306,144.84358514293385
-29.186443275673852,139.76125185306057
-27.28404447811008,133.27792712417138
-25.39426370322504,136.33514895040003
-25.06645536578806,150.40658047111208
-28.37358473433762,122.98659728624807
-21.259751337225687,127.88638682396272
-41.85682600983725,147.64560841261402
-23.88863005912224,116.5180559544581
-26.46590145872254,136.9849342236215
-21.317268961854268,142.2437527704898
-25.191065648322713,148.32807384345503
-24.889203878562867,152.40893054531858
-29.198777940220207,120.5018755287861
-24.469782826752468,130.29526038845827
-26.246511767340294,136.87904795666705
-31.429117553955844,120.55812161039628
-19.63131072065068,138.84711566173564
-29.318291600793923,116.52160951925244
-26.54588581421153,151.75727912765512
-31.300023403341406,137.78591711742285
-34.07899416317586,143.88944649119264
-18.510115213416153,140.80427391075358
-21.739609084944618,148.1957316577446
-28.16183958364353,139.27032038023128
-24.76019023213437,117.62255381431824
-12.190609360277023,136.31219225826192
-25.28759243647602,143.1320182826471
-32.021320447512196,138.72027356276385
-32.22560030928942,144.59970627714907
-22.412376319628112,119.33152588823921
-36.58789011606511,148.8468750997469
-37.941049226283,147.87269878473114
-21.86344972316247,118.45091755698368
-31.78325674474606,142.63081127563436
-25.245104444136242,119.57941584066876
-23.583612967274252,123.35165798871358
-27.765895649247074,146.95323959339055
-11.41982340732406,132.0392758133981
-20.185141897593137,140.86285187676842
-29.358147828121837,115.01649060356591
-30.821247864407063,152.8985092252012
-30.70156891497681,138.1786263557953
-26.404397016951727,139.95657958696813
-25.720883261340205,133.7231335356542
-26.797126726431458,118.5953204936445
-25.629361377796155,143.6213043600108
-41.635102526171394,146.52503900396093
-24.5626648040663,114.2920393625268
-31.852394888467153,143.5740110491025
-14.680646546706846,131.0639903942914
-23.461642163435492,133.9121658709682
-21.77484618856964,134.74423889622585
-28.66126402215172,149.07374224600585
-30.607586822213626,120.62077695421274
-15.064368432960087,132.88197263257163
-24.98299888776943,141.30490384215514
-28.27277750978754,127.54048362469966
-32.388175671179766,134.6361239412116
-16.375919781508976,134.36467135464508
-32.040064602665595,136.72573947125915
-17.634868691666234,137.58094874832204
-18.464389183277426,144.1063189992396
-20.031221912690754,120.12183145083466
-35.148001379189424,137.03008814617215
-21.623199333391465,123.85016865609344
-14.87509365589489,134.44637377444218
-29.94075868644008,143.8576718573148
-23.626041685009632,144.4784796697811
-37.36757598139226,145.5050695963945
-17.434554188738915,130.26424217648153
-34.23303534856878,136.13787330217946
-14.26539744951031,132.7957043728461
-24.887123480418698,133.69324769674353
-24.976445776409953,144.83378797334012
-26.982948554325606,118.37670744955038
-21.632687471175082,144.94914346230235
-16.18957573213566,134.60767478726484
-23.907777366549183,128.5739218750512
-21.90176867684505,148.96750311884492
-31.77300748602039,146.40694544479874
-26.410604586820885,128.62168348766332
-23.664948066935743,129.94201130653607
-21.479640035037903,139.5191551612172
-29.474715657975675,129.72911981166837
-12.951915476464162,134.8683193396413
-21.110973367946315,119.5125501704499
-26.11761043567918,116.27864356554171
-27.89448053834029,133.89385028589368
-23.81226611687187,119.01042155736525
-26.581075795871456,137.14032639139316
-31.401341976875578,118.62691273412723
-25.146415058073682,137.66821973415324
-25.29070722915334,132.83428938093306
-34.20818631581112,144.02476343239894
-28.71175485430241,152.6413264499537
-28.077331670717722,115.68725605567218
-17.59983779489221,143.00457845790882
-42.77562133391088,147.8923463404842
-15.927066562896368,132.6007889661417
-20.30977054673058,134.9802792757173
-26.86790157415755,118.96785505022915
-32.085001837468795,121.87434101445548
-26.688765144530787,118.74821108721041
-33.199753901579925,116.16409455857641
-37.30185670452311,148.5953318829485
-24.84188006794794,150.89233333879935
-29.952830609048164,139.55770629347762
-32.56078425502455,144.68504337194844
-37.12399328145351,140.948648542395
-13.371704967157697,141.83416207052437
-19.824242318599463,142.45625653757847
-22.931334365939847,140.4000997937233
-13.029066656740785,131.44501469602386
-25.241059117007218,123.82324223112738
-26.851919657235314,132.8084975111719
-17.440789549299435,124.20234376463328
-32.065658000032585,142.8201480273448
-25.134318449732337,142.1387622325129
-30.70937537880255,150.5500355713048
-27.763918980591832,123.91680639582454
-22.37184969646593,115.63606488244119
-17.092387963195804,128.29571471801083
-27.759268345714982,142.9086758384926
-27.06670026114598,135.8220409975065
-27.594866093020364,132.73834381282356
-19.34319292000003,132.79703837760434
-21.170067040652427,144.5457698230681
-17.61822364732458,126.73774354141696
-31.772293844863707,142.6996700828066
-28.864935818297113,118.50501065749611
-17.612030469195187,123.70213294837627
-30.803051397461424,116.96044753657054
-12.656624271096106,142.93053387755805
-25.13408712092078,120.61156477881242
-31.432485693519816,124.96247208338902
-33.64893836302247,141.78373021559696
-29.022928969087616,140.26669471253365
-31.50400091643174,145.6009292389283
-18.788182903335322,137.93925927848338
-21.265986423738756,142.35124377368524
-30.889942584977046,130.83341910249476
-32.566581627758325,140.82700865270797
-12.145328195423573,142.49894056350942
-22.561326840866577,115.02317921254198
-14.821674972948614,143.96118342348984
-22.44395854997386,131.6207333671446
-18.50880106700364,125.27004723299008
-12.71016409515875,135.58901035216718
-13.773146357680396,133.03934880744725
-23.94598312531409,151.0544682198985
-27.36388819388338,152.85050461300577
-32.62617966677976,139.17267241169213
-16.512804307996436,130.63852899576452
-24.008703220550025,121.79703791799841
-37.57655820455821,147.52952349692183
-20.577267080766386,121.51257220729688
-20.582898081081535,144.65156252098103
-38.452597465534474,146.7425007793418
-23.94545179341464,116.38996029683118
-18.39668040138103,137.03552407736305
-31.18186996290767,124.72827243072231
-27.578437153710492,128.29004633123637
-29.33630531210907,137.04261596921762
-19.199020880765588,135.69663055143798
-18.776767643796937,122.38073654043596
-19.429156754313304,131.00656623666748
-29.599589894107986,119.87707069630072
-21.82581997054698,119.83074367593733
-23.69394661043534,116.67707049911023
-28.147593979187377,115.82621305564568
-31.09246427879585,147.52182885829052
-23.03388268361491,133.6553341729017
-21.106977367977013,118.16137115788786
-27.46814968084578,121.40161916824295
-19.67937825183722,137.23712893141908
-21.632376113822627,147.78039250683915
-29.96304029561618,142.9204780240025
-30.88997182774768,141.43989920672294
-24.290986120345696,150.84839365942568
-28.325930241890646,147.24827384300264
-15.58899523675645,125.07665319524088
-20.769480990064313,122.25384596671717
-31.558495465220034,145.84920085459942
-26.41812616522028,141.80244292598252
-18.58273077361671,134.16666019309633
-13.05436927393676,131.95455093933072
-30.58969518448041,119.73333571674974
-31.354410538738215,142.81662058647782
-29.267398648566797,117.70654564340049
-18.85040201930926,139.67588432925723
-33.56005472300039,118.05913593666766
-12.242756079449428,134.72829855239038
-35.984577969815255,141.86961271211644
-26.094234019973435,137.557671637049
-32.26415880807588,137.66982123449606
-22.709151927234753,132.77591428540387
-31.632545833388342,144.91866445969904
-22.247785279353895,146.50451720379772
-27.54892854271388,145.38238580476587
-24.841545027886298,148.0205335476468
-28.169280022829607,141.05118983395369
-16.923140023646177,129.73859670453035
-15.780745967031592,143.9775686450243
-24.662577358027796,132.57578910357518
-15.442812697818027,132.61636665257828
-30.58121256483505,118.50811957513224
-31.839580826861628,141.65965045437204
-30.758662058335496,130.51373634512865
-34.32056925017754,148.22048361395852
-25.959045391844022,120.00862307242537
-33.508485498675945,119.00087413754014
-21.005547752118897,146.7910044343983
-22.901330619084185,118.17357193838835
-25.408489173580982,124.06858993625345
-30.315234663225752,115.47127959919808
-29.931836110918745,146.68451971754956
-26.704143773135034,139.77997670886472
-31.366638193808253,134.5662829188369
-24.357178769704415,116.83998275559928
-29.90958766749081,146.78541461826785
-29.43162907970711,125.6470519597325
-26.351237595698553,136.07840107342508
-29.226025766505618,119.7056893146845
-31.988063834777485,123.65680901495091
-21.452795081606638,133.70600308460607
-17.579696552322417,137.69906876658533
-24.710848767315408,146.57839471736457
-21.516872956573973,117.54211157385488
-34.49254423883225,143.0809555234491
-26.8630389142195,151.4209507924769
-20.171933112569715,126.87447501578148
-28.450624205883955,129.67475497915882
-19.503696428469794,144.1229723628944
-28.756218021275917,132.21980345852583
-26.332791424473513,121.82201076514846
-15.319244614695464,142.53133508254575
-33.58632475263718,121.18562955242827
-15.397330515466251,143.42105905673202
-17.756709709184722,132.26478523663673
-18.957895417467974,139.15411965145677
-28.249927898980097,126.87935963054868
-22.222368765470158,140.36280763561345
-22.370414467405187,114.39504600109689
-22.720812447169052,114.16265442114172
-21.748273808261775,135.54583159792844
-19.50771975586386,137.22814645628893
-19.308507095057312,125.56977288604341
-24.358001294427744,129.04658495486248
-27.26391835082074,150.78695146387352
-41.68469723412406,145.1368377268994
-29.757349833646785,135.70715131996735
-18.58162414390581,135.57272415683804
-30.27406573809471,152.7093522200513
-25.72847758033825,152.90227660991792
-28.393660181204872,149.32727677846037
-29.39047122955041,135.11776633126
-27.997744178418742,119.52522550718223
-24.732015069159797,149.45819005793686
-34.80091181895462,117.1472594892159
-23.971090431297178,147.63876239933904
-20.378257054641384,144.2929262448181
-35.15813605567788,144.96056176154266
-25.7203652913318,132.10397720374715
-23.467538831723743,120.47230458523374
-26.038008113135234,118.58646918363843
-32.35148113235198,118.98972788789567
-31.639877510243018,128.93498127583632
-22.627589109542097,133.13269149947368
-22.516369412580747,130.17188783258644
-19.315674981587087,139.3310439073009
-21.627424972362704,145.76535571095633
-27.173957855545808,117.67152200808157
-28.36738081634641,147.5098035941848
-35.20765901150487,145.97926876299218
-24.543545861692973,137.75746915280163
-42.171747262119794,145.7916434549355
-21.11230855488277,116.97092780830903
-33.218224248180455,136.88670344640363
-14.252088627757356,132.40186895725992
-22.327321920342087,147.91173501373862
-31.32579838102266,117.0118002424334
-14.097838437178847,134.01490756409237
-37.319846336663176,148.52382604641343
-17.164253054060353,127.57471459421788
-23.430594065306874,145.2213902158951
-23.25767810887088,130.9847556155268
-28.57356266399291,140.40234165705533
-33.038640244052786,118.53880878321749
-28.653850659827924,128.7947054381718
-31.18444518319773,126.11410305326953
-23.862550259655443,114.45155906738229
-15.324886419539034,144.5217762600365
-18.910809341529923,122.91581269263787
-16.334953668626692,126.54541365224057
-23.505541120123965,124.8070912439683
-30.264353360112295,140.2631280786348
-20.988963808693065,123.51304401747343
-29.600711879853456,151.26590327075638
-28.962344615221575,133.5723463211653
-22.174785155053495,124.06656549636799
-28.159547741373462,118.9570728742321
-26.75137099299234,124.47438141332
-30.249735764986653,150.54077640412623
-11.855885579107436,142.69094692176913
-28.92332178212891,122.4083597371255
-16.63205615950725,143.40947755529942
-33.98318229100143,116.16605421033681
-19.773548888319016,137.5039691865997
-19.3076769249534,132.2796991382874
-21.427595429413238,122.91451614763523
-24.01615190329187,130.76084514386645
-23.311061908245506,139.8109301775059
-38.421912897262835,143.02314968229103
-27.9155039839307,116.92537652801043
-34.73110824353612,149.89890277272622
-23.063264713855286,148.49142669983786
-20.717483319441033,148.1045146202922
-23.844228677883013,134.6141730601119
-19.431274565050774,135.12373983386715
-21.15442238525849,135.07559511780136
-21.47215022038925,143.37524472289724
-35.11077282696458,140.3760851964742
-29.04473150860742,144.8799803702943
-17.335739867562456,129.9615728293834
-32.57860398071569,136.98600548840645
-12.341338602909548,142.6210106660936
-16.91212570979122,133.6565640721664
-19.516827493058496,126.92334135820902
-33.96886771575155,145.274317645896
-23.118040237247147,141.11482099297598
-30.353376056808482,119.60960225055486
-29.04090365267668,146.11416144498907
-16.077352353714343,133.89346483489507
-14.932787367645432,143.02768411722494
-21.987057419727925,131.86215504245786
-23.003676751469406,134.8655105456085
-25.052837740728958,138.4187562470704
-28.02895025895203,140.99208644830867
-18.580290277506542,137.25085697126187
-21.47157479336436,147.028104251127
-29.977955559489168,138.9412523433435
-23.174198643803663,130.8947969536597
-33.37637280167404,138.51421523226145
-30.57913781900075,133.93348160214842
-22.587372932324374,130.75091656394002
-20.72309550837144,130.8514554136489
-25.672321420757726,149.92966945409432
-29.9783611724151,139.57777841626495
-29.167529355786648,123.51795843742097
-25.538986031269317,139.75983182577679
-36.15116779796566,140.7113898090461
-31.967144420004182,143.16401033418305
-35.692866833713495,150.16417892264516
-31.869449588439885,142.4526416677002
-20.74319281602349,126.63947502893183
-17.653050417133013,122.23457235207354
-13.568488777739667,131.7167892891159
-26.430979213530797,114.36886572111283
-25.243736002028488,120.90814567658296
-17.859691133901098,123.3278615820949
-34.017007509247264,145.19959751035185
-21.90888455670308,122.54759817407636
-33.95470674265358,148.50337576176864
-29.306437522328963,129.84969680439082
-25.324965963238213,129.99209275587413
-32.491642577032884,119.35651147988551
-30.27593275201684,137.92042422947372
-29.620166788893272,142.97344038669894
-21.960752569435186,138.64976930168646
-30.577168780545474,144.23773258733348
-29.99447922024823,142.77293876326488
-22.779266995499043,140.07418381446263
-27.256665253607135,135.62435862892806
-31.283089215456933,133.67627164453165
-33.95135433797998,141.62457391792674
-32.196207458923766,135.73423074205698
-27.180818038147294,137.06053419479116
-27.16445998143049,146.76818549687638
-34.80756299017821,145.9121970969229
-25.500023462095573,121.0571337271846
-33.1362299846299,151.03864012883838
-17.61827000313139,137.8078624403721
-26.334655497139124,144.83291877082004
-26.648189633696706,119.85795804742197
-26.382543691861216,117.06949572311657
-26.372536724880547,152.88156295530902
-26.05464516306661,147.15043730111978
-28.857499016857943,125.14783508945501
-23.304736941659943,121.47903430387082
-21.31862053666458,118.95075379829612
-27.296937252915555,134.58750285844354
-23.839053846520702,141.87982499948617
-33.14252741347627,141.73076147960506
-19.441796840447733,133.86741735249055
-25.22948375092334,128.2433618628964
-30.05078393921074,143.79449293463813
-37.41875237567455,142.5809793188732
-18.228553906368475,123.97980593062324
-35.00953300775274,118.12674607284573
-31.46834914802647,136.9662828856994
-30.423584202076377,121.8677268188972
-16.495115216714204,132.57831971506613
-30.663539335450373,122.03440124352355
-27.716177078398292,130.97835464061836
-32.98949772968089,134.614819347416
-32.10048832273301,119.3692124250222
-28.340635908956642,146.49828584711102
-22.061951555208243,116.82397727635028
-24.392690772972955,113.60947969113126
-26.441437132988582,138.6603153063238
-21.89948810839583,142.85014667501758
-30.084753165855837,136.77126353350792
-26.400841452872957,141.36535886163279
-20.911909714294662,120.06152786496826
-32.23920304344165,139.26163565415365
-32.21442866953519,136.00629281190007
-27.084501161939926,149.44100056321668
-30.23011503701305,138.15229184556895
-22.446479110601814,142.01050990564815
-29.300846850770405,138.12169678151434
-16.72742117555789,143.42267337588092
-35.0055754786617,142.12170542888572
-23.546263832332677,114.41792434333217
-17.17365104772018,144.1184399802705
-28.982337321075928,126.89751198813137
-12.38155910837904,135.53499453253374
-24.41031133683807,127.0251944256346
-31.97397355717689,133.97877252362446
-25.69266618648634,142.77981486093958
-33.89949865901349,138.05779728339303
-22.016956773887298,132.04189080110797
-33.93487846626094,139.17224778951265
-25.22342812561239,152.01927432586982
-15.564225197977045,144.4506482684629
-27.34609404110769,144.24319852035663
-17.493845862794082,128.82585322185201
-31.383879154769524,123.69654575362182
-41.51010735134419,145.99700550042954
-27.9963978317642,126.10716722615025
-28.707436860145734,127.07533026454821
-29.22188215024696,130.27225156353515
-22.20852614543649,143.21066790000637
-22.537336215276614,122.16210850260718
-31.942457071275282,117.43361127922486
-33.47659465040311,138.09945162319787
-29.000334608776576,116.59535742117819
-24.449045518958243,113.67717624643807
-29.22810701078294,128.73252950207106
-33.10821783603625,119.44672712157762
-20.394057347676352,140.46937230140793
-36.72498891324694,147.63825618859565
-21.18652981428582,123.17931527533767
-36.940397211946504,140.74646853524536
-15.597336883000562,136.02458481941554
-16.218722322914324,134.03269488118443
-20.429607730750348,144.22750041458156
-17.075784737346,142.0968544474108
-18.813310089995962,133.18598766539654
-33.31544354277235,136.74275825153572
-27.05853486343582,151.97031719049494
-25.444111207879057,125.92778113806884
-31.992610908964508,121.50578369890741
-29.511193491525425,119.63440183423809
-20.410158673343386,139.23690294842066
-38.16395319463485,143.4053175070387
-28.788830863580955,114.57633847670387
-16.15939946783449,131.36018998659858
-29.59815332698723,130.55729465714552
-24.116457143696934,117.17856522510422
-25.250704371618966,145.5831675375703
-17.91372777633455,143.9213632296434
-22.652080312867227,134.30092958696537
-30.989099786248786,128.18189029476233
-20.611183527854298,126.95129639793512
-18.890453445310595,125.65481856302434
-29.440757736030204,130.3505759820598
-28.653931651667378,144.60329064284875
-30.413335137982834,146.47415787229505
-21.958145149231992,144.14490587097575
-24.23405008771544,133.07958981727455
-24.185136388319528,144.32221000466126
-26.228097680003216,152.66042334672542
-24.429945210361407,136.099294527192
-32.79606707854437,138.4819530161272
-31.02760989730271,127.4424822840958
-28.027728682023216,133.55686137471125
-31.397331089401675,129.76836595138127
-33.49677026308046,119.86923160907914
-20.390969254336397,135.91158919217017
-20.254121413917996,130.92196224023138
-20.66387473587805,122.04966779795575
-31.64968907481013,116.84647025284553
-32.00100353169336,141.09177582333163
-16.789791559214216,135.23033948917785
-12.260388922222255,142.1988084710345
-25.351160163680706,127.99380241806153
-29.54254469305637,151.18046668554464
-22.182838861284882,130.84232884586322
-34.602867099617924,139.0843753156495
-20.39033050226372,139.0503753303913
-15.270159339245104,144.58658064939755
-23.463551287646833,115.1621671198794
-27.136379667330843,128.4590511838287
-18.60516645937123,146.17555602332166
-20.889011561817522,127.02001310784306
-30.609309158040343,115.65124834288403
-28.508174644813813,142.60736541276705
-38.249651827065584,144.34015040771214
-25.959605935140516,137.30087257836138
-17.267879823138045,122.6520768312057
-20.6096993470372,118.99142424670197
-31.571011334247423,129.32847974986944
-29.356112299744403,117.02948153973519
-19.076993224618068,142.36600004721186
-26.089840926367117,124.85837390373455
-24.55884145459418,137.11487947279744
-18.4616012565504,143.66000686743553
-23.93677493243154,147.19821914419026
-30.98664833161889,124.112249258717
-27.267560098114533,122.00265575525518
-23.798097119908068,134.02160936175102
-33.67211573147129,123.82108156721503
-32.40102508661532,123.09103243797945
-26.61267558709989,151.3347018566569
-32.23751950018742,137.33629944471767
-15.614782091739734,127.85465882513068
-31.561518036953004,144.86960773148348
-23.828433951472928,114.6666646738499
-36.760350826742815,144.19041511324355
-29.62947103101085,141.1562876008255
-26.390306799772866,138.40457868395242
-41.675409011109345,147.7450157325381
-21.6500083678779,119.47055366840569
-18.67408140126644,139.66276574973708
-24.45488889727004,147.35934655412262
-29.135910113444083,131.61025801191647
-21.25032773746076,143.93801292536148
-28.087697988110918,151.87775222317526
-33.57240655003656,146.13770035330933
-31.317254171417396,143.30794717891294
-31.647028066500738,139.47171282111668
-14.548609981264157,129.51949703323618
-31.982868007976343,151.17625934606664
-33.14325237426223,119.03199281658922
-37.25537099640563,142.84209125120606
-27.32550348777695,148.49701135225712
-20.27865984070388,139.27121405046304
-35.57385267678315,146.44168970379945
-27.00588652179678,134.8184514957469
-31.7799851569009,118.73925613699687
-33.47144141941276,151.28337491828418
-16.65388517297714,133.51688020083412
-32.3921334195237,148.96780495461883
-25.40583311501404,125.16371660451576
-17.63349793587936,139.5209723251884
-18.220931479956757,131.62772949468035
-14.822260749401089,143.87300947158946
-36.72731028423862,140.45750655391788
-23.14778134101901,118.30650167570177
-25.25557263791623,151.78692240776678
-28.178001629536467,137.09076445339403
-12.191164593200835,142.37280009227678
-20.30205389864763,147.80273058897208
-23.24991663431641,148.84866054821288
-20.212813685981025,144.37369956071444
-29.786654025855384,152.8375952465784
-13.47497165050796,133.45214465782232
-29.40286602571843,134.0970312614909
-29.66038059757943,140.41075618755173
-20.963234957946916,144.86840316062768
-24.283954385960918,127.25457552225856
-29.90395307124691,130.14966258505103
-43.102907272736516,146.1257183862576
-28.11045928555813,133.0491453674089
-21.22664292351305,121.38208911502872
-25.114394366152005,143.079941961948
-22.793384346861895,114.64690092118832
-35.23171901186785,140.62575323028148
-26.346567994179026,117.1959116932733
-34.84313840295702,143.16787833649855
-33.02367153377024,121.09869870162436
-29.143792684928265,134.0853716724786
-29.539798663812967,141.1558993398947
-24.315851232506784,119.98939517121808
-18.69824228002532,126.81195922342147
-22.998779965946866,115.74571993690488
-15.869922542737616,137.012107883436
-23.802413281462584,133.41100090981445
-24.227158476655863,137.31694392664593
-23.611849916077244,131.32377841832317
-17.959957012139586,131.3879963759289
-30.899767463671992,116.4777918418801
-21.22246560299591,121.67418584637599
-31.710172043197346,143.29921943003325
-32.37682917408114,151.06175010004156
-33.61622929880852,145.84435411225002
-33.59978718005941,119.85450777785121
-22.18505937550653,143.9512689784173
-28.756707076588825,134.79859927721412
-20.651209282637097,143.70658882820928
-34.675433051814906,118.57432930767614
-28.37565246763532,132.54722480320257
-19.006334263810082,131.952467423492
-33.566339121125075,122.51392463253751
-32.33736585258383,133.99275006209513
-25.598451562017992,150.6862065448031
-36.65599134572647,144.50438157239617
-25.44426076100503,130.9580684067892
-30.74652720582817,130.55148476810763
-23.9652801992113,147.69611657873327
-17.49636840716142,142.87327137124387
-22.135932000109804,140.72938634482566
-16.195907166006755,135.4425383532542
-36.59968157204817,142.24584281544958
-31.61445075431858,116.0017456173281
-27.730146909076083,150.86341458193104
-18.72317499561947,127.73251626590407
-22.429602294999505,125.11674326377013
-15.202816723035312,144.41115622574281
-29.582223436544318,121.42909085048935
-29.90661274741103,119.53118904692447
-25.080262493207208,118.02859280788876
-32.69962351818517,122.32332623242783
-21.815592051101312,117.86018963903562
-21.5256926568685,136.23976806696518
-18.67400073115731,144.32740649804262
-30.43298112094992,146.1177140629032
-27.68689907267593,124.05811048280975
-29.316707526643356,116.2883554447877
-16.848166973375747,128.86032813732282
-31.752019823631045,144.24540123820302
-33.629504396947176,135.30148414668886
-28.008482628270535,123.31811452905605
-11.88130129983496,132.9255318297544
-25.198748235815785,145.60042125206175
-25.472627381817123,132.93720871724
-15.708427436932041,127.82124734003243
-25.914313394579317,144.0283114803818
-33.34912646099275,150.7908882476502
-26.108029330904376,124.38165069610578
-24.05742219395793,115.13473368821865
-27.819505920253835,135.70072242992433
-34.0975947000243,119.63154601036638
-25.611063941213516,138.5735226151125
-27.90386323310333,137.3698781598543
-19.034088413125975,126.18832781182304
-38.0964492813763,142.82578721207446
-23.389154713664993,149.41329023802825
-32.868787419037666,136.92829692108324
-12.560010530570327,131.22780326857605
-29.586017110502883,121.55360255147036
-30.698133975015757,116.06447954017537
-29.718239872116257,141.77684183353284
-17.185336844748615,125.073417315309
-20.742646156492054,132.93756446228244
-33.11074947279711,148.86091278657565
-29.17356854195362,145.9313790788168
-23.102782428828156,117.69512338725089
-19.127330275521768,140.78219995331972
-14.341136829863665,129.70819984142085
-27.26222156592261,128.03678619055984
-33.80384925347411,140.45789139855583
-26.195856578257185,120.5699605613012
-29.036422056865177,123.52408018304018
-32.394757602298434,141.02545888364483
-20.019417165977888,141.03248529129075
-33.51960282784379,119.2358106803845
-23.852382822088043,139.6848660995273
-29.644400876349216,143.63101997545365
-30.952164219721926,120.52768294000377
-20.42576835367158,144.3670843561594
-25.368536070048865,129.5738825617068
-24.98519949342714,140.47866268698303
-27.436323505333196,118.62314523178998
-27.445287047479987,139.34860437348814
-30.154092767876133,131.2774037916871
-22.723928805876408,149.3758101230732
-17.134573706624924,144.5672659819685
-37.18123882119194,141.72592200464854
-26.188584412024436,140.82942632239656
-34.43582995708238,136.10837531753782
-21.591688150818516,135.0074704949086
-21.29816419413217,132.18958616903487
-28.658852308290538,135.15615046253515
-14.819460643819337,127.7500003353638
-29.987709684975755,117.70758621547103
-21.43805962959211,119.6847642725206
-28.816402970143095,124.34551178001348
-15.809905119256573,144.94327953143124
-22.49970876605049,144.0309056202502
-17.332824130063646,140.95372668524607
-18.48588147545625,140.9995732480946
-33.33406414174762,121.98465202663446
-28.58790086951329,148.9854272538453
-13.33368985039932,135.0314025255147
-22.216076759637176,137.82090142887736
-23.53750021254091,149.53009138214895
-27.40814668416507,127.85977820296857
-34.5567373762421,116.84682316657148
-17.76383408991978,130.98424002334366
-21.07278612423648,135.94664244610945
-16.270684539714033,130.8077806199737
-25.216254022361255,130.94488331002265
-31.10956710644456,148.93599175974256
-22.614772909788055,135.22217912745936
-23.04164136191557,148.63850576370763
-26.648021981694807,149.72783572925132
-33.9868400037996,142.09629884794867
-22.01651125084828,135.33872247441948
-34.842377426839434,144.97799617864695
-23.88939730412224,141.9871539029249
-26.27611158044255,147.2744382617716
-22.400986619683273,128.6015976532453
-17.921936154036576,123.91089771035249
-17.863150827809314,134.8092515720795
-34.91430708627787,147.62172203859592
-29.37590538572976,141.66219417381998
-27.146596864972246,138.30729299048312
-27.969391231118035,124.53927108787444
-18.53690847480727,140.7919520209955
-30.893147564736182,141.61596526965408
-31.530911624938355,132.50068220788904
-36.64827526625025,144.8676632470918
-31.414871629265928,121.81755336187005
-21.385792326719418,147.3000289837047
-30.839218005182616,122.26546220996498
-24.52096340032467,115.46783016459734
-27.874622839715723,149.38049782285236
-16.649028934791268,131.023594378744
-19.450582676450964,144.2344095273306
-29.470116564764425,139.08909451648887
-23.56057920661595,129.26889049272089
-17.87310015241492,142.27539052701417
-27.079473931751163,140.6265438123035
-23.5373678000093,114.34952534569149
-31.08198660002263,123.75176309269438
-30.370073450691173,120.19065608091589
-14.480230617022599,143.52692744052217
-28.424809704496457,117.12679690298178
-32.594402863602866,123.68998315700732
-24.000455117864178,123.50911206129534
-23.572035499937737,115.96884630950966
-29.718412332998664,127.10709297352314
-33.4051363944868,116.67378118822525
-28.84356664339353,129.49977028911186
-32.96654675949617,144.77162482596404
-20.63038115870744,135.5434904643495
-22.65948888051974,132.9176840465615
-28.33916224352639,118.04543195422683
-30.465572854137,135.81098140629453
-19.94082101500328,124.30784922575259
-33.71115731952135,142.93490186446198
-15.477759430908261,126.64672317197797
-19.84940673258948,143.94628013867165
-25.287996847749902,138.7116405411521
-19.934786047293933,131.42160022127484
-24.923546295427407,116.40451717148423
-31.061072824057668,151.86396082813533
-15.158426600501048,126.50084859088572
-25.284284223988514,134.5122123553231
-13.013505029569771,133.31457688584123
-23.734277477490245,133.3524287927866
-26.654277986083027,123.84348464887232
-24.612499694127454,148.35238901731486
-35.521859106080626,143.90224151312086
-27.416369231137658,140.73694325699245
-26.292486683002306,122.20184003538951
-27.12683500996109,117.4006102740755
-26.239049874295908,130.04983543689187
-28.103988296534656,145.05455014111453
-15.79590324291216,124.88252769622707
-18.794290255241933,141.00972271781217
-23.179867901285316,149.4866079143983
-33.528517728338215,140.16633960870246
-21.945958761008995,134.7892157406076
-29.452040067692938,136.44947430124267
-34.59410130213594,149.08911004196005
-29.312474811469315,118.08453625172373
-33.416961539010984,149.47597732707248
-14.089019400835305,143.46072405591968
-25.745421297048434,141.52951158602758
-23.022847910738076,125.53430597077084
-30.961371818103693,117.6244214602176
-22.82114055140755,149.06559928776977
-32.98612437247597,144.53940067626448
-17.630034646696146,129.63700730302102
-21.307539663214257,142.85559650427422
-24.15892837696269,133.86819228110167
-25.79586613039678,122.06715371716169
-23.44184469093656,141.93855580309267
-16.45739264150129,130.0371094046441
-26.6535231375645,136.46558423375072
-24.31428785799028,117.73319067425622
-16.780692925143693,122.7870027821723
-30.61054830425347,116.89632409461458
-25.650788536091657,114.39916751590454
-24.649014197827565,130.17838285991346
-29.846392016801623,151.6868366943056
-26.826830041605273,132.3901385832403
-23.924569561061958,147.2732842753279
-27.611664353434396,145.1399198909562
-30.188077002340606,144.46085936195223
-32.21701535984889,119.46369375922802
-20.112314218702394,122.95933697568826
-34.03324428008609,118.85225017083673
-29.497436908153645,138.23943487838648
-35.18570972934243,147.8912416721864
-25.24055594534369,152.50491365661424
-18.66951490781278,129.84579392829934
-42.33210694769324,147.382872082481
-17.653551978118994,122.77470114496029
-13.131475845344415,132.8971662619003
-13.593934239780761,132.43940107875278
-31.80288712273468,137.76315231466043
-29.82340473609606,119.38929957903503
-32.393884073242845,147.7010866780079
-32.93170481324939,138.04492745622377
-25.895587141748354,133.02391932159819
-22.58294442812528,124.79134293636946
-38.50144921850792,144.9270372640859
-24.50297434723331,147.6878711712926
-30.691816533501093,125.58611972331268
-19.71696934671746,131.03810393289865
-24.135910458802872,120.60704087378751
-26.35359642348209,151.89911428235854
-18.116365701511665,138.21398138394102
-25.55467219315719,152.07312633038669
-24.016862299137067,137.46582342826653
-20.317009256901088,137.32817136015078
-41.95880852777528,146.17612368837604
-23.546352890933115,132.0527472051809
-42.49919665965674,147.17012630321162
-28.295585069236473,146.42231748235744
-17.996957268007687,140.554949112555
-28.945983023282203,131.44598956224206
-12.410821520949199,135.41744587881723
-23.2260031162084,145.00076574647642
-31.032319267177435,143.72640400711958
-34.12618322595441,140.51440690297656
-12.734056149498894,134.4102296984665
-33.60931518686992,135.77271527942312
-28.078271683269897,132.18730326219597
-34.83154370730205,146.76653609562783
-20.444957831075246,136.0803349458411
-25.12732940343342,140.19572632242486
-14.02029327129522,129.82798152552755
-21.019006837732242,145.1081829643149
-33.32910121174773,116.01462191217284
-25.827382336374093,120.23183469587875
-24.463389098714636,119.13733714561475
-37.83944604801303,148.19802268348644
-21.632991345797404,138.81953506230872
-27.008613768234525,141.05531414931772
-21.32525321880908,137.13689861375886
-32.31645795685601,140.8437658835009
-19.993735401847182,119.3057495360809
-25.18551977445642,151.62135783816163
-26.893297323075444,133.41947117237896
-31.8720835387333,121.36987786459639
-32.34536421454151,143.8063490816579
-27.327164418465276,117.42939519856021
-17.107788779741558,136.58297135285565
-12.92809939784686,132.9285355644397
-27.740722443502975,130.35666615672469
-20.866462046977887,148.62983723035046
-28.9671745456934,152.1913675506475
-30.032889728902276,116.2262949681453
-23.16764474771587,148.9164092885821
-29.709361997027663,128.5976417500939
-17.89034524884857,131.52780508739517
-31.030103762356543,120.83562781252661
-23.597823827409595,130.23291515059788
-27.013719870651034,141.65059633461985
-27.035825065272604,128.62479223153233
-31.024165499614398,119.57742237180513
-23.183850688128906,148.91499078537598
-27.200744705237522,143.0930170937258
-24.33376060173569,136.1949319402731
-31.57027004268292,125.84805207811668
-19.45888678884863,122.43581884839507
-29.573944627782314,119.25667978214203
-25.732702417296423,151.21158517696938
-29.307983542293783,120.29712297396163
-23.670039655063064,149.9364995456136
-26.6806550828556,138.32407448163931
-29.251049227916624,140.6908605457313
-12.329291749043808,135.02976300272013
-31.995364364903686,128.11842910109667
-28.80406886462296,138.84041383167875
-30.508132001282224,123.0549586164465
-35.74145005581946,147.36298295076944
-24.560251065054793,143.32584194004878
-27.08798578152039,136.52369857355896
-13.108846585038638,130.83045741244365
-23.889551502169414,115.21283719926863
-23.057446110943143,121.47041302606853
-20.190600543122862,137.8008034009138
-29.085117570245025,137.3590452218231
-25.739149284396017,138.76250030920934
-34.77573364511538,118.11404646453884
-16.097849406123768,135.53251469362655
-17.34642357525791,129.2065556006495
-27.69247373569231,148.0173925135859
-21.822679488887456,134.73714475115742
-21.990620330352776,121.37872715596268
-20.494854517694097,125.22921487076674
-30.42420863193367,127.05036939492422
-20.07796597623106,129.8103313185165
-16.44415828315249,130.86211151991748
-13.585831186454065,132.23151600985292
-15.303279220892538,131.23314081443272
-23.127812029052535,127.62114148743721
-29.99614011612829,129.46041938105608
-24.388765325484904,141.27256364842847
-18.83755457751984,128.77661929581566
-23.7776529161445,133.22146756857398
-31.74027380751935,117.30302657662585
-31.81329985912309,147.7304028468971
-30.247932564813865,136.61143456788687
-28.197446489305367,118.79878720221053
-40.90525003567358,148.0530278809007
-27.872738643028573,130.05610438228092
-32.912980395883196,134.4566705485597
-30.682050180453558,146.96634579479263
-30.575290027291814,126.16228564925798
-33.2845824478828,118.00393359655766
-34.47390812473755,148.9681714131006
-22.51591602536164,128.82736682829056
-15.129649328725769,129.48967541781397
-25.504798595766076,143.5916934130322
-22.30182510664137,113.92585721209142
-36.33963186697201,149.6026949195625
-32.20923740545172,122.85988381317313
-28.05426887198113,133.6188335380403
-24.890742383231633,116.06084698873453
-15.680143494238141,133.71643983173425
-24.754289724990404,151.23707572417413
-22.811051136959254,134.93728595287277
-29.102629061979567,144.0277571765372
-19.032240300946814,136.63717179476367
-34.028939027780055,116.40916229186656
-33.33403063667831,120.71720457366987
-35.72791636261259,146.68989828892066
-29.398106826954052,144.35914957263
-27.425309937330134,131.53564076637633
-25.219159096635654,145.50174278605385
-12.386991144548748,142.77091489428352
-30.518238053825005,139.071516306513
-28.948689564193494,146.46833540219478
-20.785938471670256,126.60763048222253
-24.314503370314277,126.58523976484777
-20.533056518563754,136.29083759621454
-27.87689210230156,119.0538804131084
-23.430856057980453,114.28515792161747
-19.923466664130277,143.6342397856803
-30.435698560291975,140.72292526375213
-19.346791792931526,143.2004290572733
-13.429543793131991,142.5387219354319
-25.727773314369816,136.20051166748075
-32.269565608108714,118.0412834868137
-25.240094162154826,127.34115069574914
-17.43445012459266,133.12256771043943
-31.230025171633216,119.25377120630542
-32.31307854116664,149.71770025716071
-28.67997048898797,117.73980809542444
-27.513949162125176,146.2499985609698
-28.76902954253861,128.18832152955457
-31.69800083760659,142.63502188580577
-18.170924003409112,134.25556497182401
-22.103429570289993,120.52984183295108
-14.81980563542615,125.63351945778106
-22.70659788346849,140.7911156241372
-15.957327667723462,144.94415538243425
-22.67822766101115,144.59232985349024
-25.086855351203575,146.86392760246736
-21.446386375493507,137.13002412264905
-27.930267466225672,136.61609676730598
-24.601358704252128,128.42377718539655
-16.90788087682556,138.80561145750525
-27.00336872940189,152.59317304669395
-34.78135528749184,137.46389435970352
-28.381754326678823,126.52545933028941
-30.73687272493752,116.39613174354344
-14.507886640519814,132.93644630761406
-20.556675320859362,142.72618968910723
-21.875922288616703,145.04551653681636
-29.012784423640714,125.99061291434322
-23.751317980624925,135.4988384024682
-27.484765331623883,148.47390799758418
-34.59170657499339,141.1665032940339
-26.837421170370902,114.47836135119437
-32.52256343807782,141.94435832888297
-24.996536503875486,133.7103180692109
-18.34177590990327,144.54315687973084
-25.12525596276458,122.07259803718003
-36.04954838824027,140.4084396588753
-21.31865985909994,125.32061247119987
-36.68689123082566,147.46010727257604
-27.21941663297239,146.80881858419832
-19.923099218731934,145.8893003454445
-21.901462065688207,146.15657938544086
-20.810382801665828,139.2233174683118
-26.481001665872792,125.29922328270418
-24.657317998075182,141.9919032072124
-26.349916233325082,127.14310534034733
-21.660900647026423,142.2322447014447
-30.922177250796445,132.63252569152752
-22.1527813740757,142.92610085844794
-31.103103336695106,139.15448145734922
-16.887195526905142,143.94631687125604
-31.448214773376634,141.27611758439946
-20.85684137058807,147.7317105385129
-18.688244169631023,137.5972999079097
-20.438584457651633,141.64299324055125
-31.764833680544974,139.00816000913522
-16.899579290576437,127.25479810216953
-21.684396731430727,118.41129784314656
-33.49766784324419,136.1163913192388
-17.546336227034246,126.79489490734993
-20.207574342922097,148.63583813361194
-32.25576228474317,136.56703892966408
-27.24421078128221,138.0346523947707
-22.496070812402646,127.79718378278557
-33.097597993981054,120.38393999857017
-37.36481781657948,145.47290708235448
-28.570742611653856,121.20562610018419
-24.360661125602107,122.64814404576418
-24.746352168996168,121.49297858499295
-24.466639129896254,139.54137304102457
-15.770920654496223,127.77839663060567
-15.7639455828443,127.032925618334
-23.31053182589347,133.9591775378059
-43.274298699585344,146.06106989576585
-42.64024026235539,147.66545162288483
-28.887048774779498,128.55769506620064
-33.60133071778268,119.94349211734
-14.96810737680299,142.45439866697467
-23.109729778777528,130.58987122311828
-26.167586627710705,116.0808176986688
-21.49288045144503,119.42253739237817
-33.65184161844105,118.02379659714835
-25.000965762169375,137.15825468162265
-34.322161154312745,142.32312494981815
-27.704043605837573,144.56891228868264
-26.142821629801883,116.56186878398599
-22.597838076730522,133.63078917405096
-27.18704934342068,133.48855064843957
-20.0775118506636,120.92460269163897
-20.583138984078587,138.4463835177112
-23.847723111495508,123.41445515231435
-21.708772458596236,131.57404420993421
-32.4354819625309,135.52491694085904
-33.86929929995671,144.2937289542174
-29.422804769104214,118.21889403351567
-23.74927030519223,127.5091826365827
-34.289733730267706,148.38973148147625
-24.82037221722194,143.68227205588133
-26.411695672789268,120.48290879051035
-18.070666082619073,145.53586593172295
-19.811229143929108,137.493887615124
-21.172688252226514,146.7195058029775
-20.686157733868164,128.44942640923853
-27.177407329471677,143.13775079143397
-25.857741719237808,124.71329805006192
-26.199191481820872,152.50336258731474
-32.143094422421775,126.72197412281123
-22.65630756950802,125.52598485896837
-22.48044564797434,115.07104151002818
-26.340631817457382,138.05020197453322
-32.58189238678132,145.04281711686937
-35.3685912576979,149.56374599529835
-25.74017910664084,116.6636185806577
-13.345607528710392,131.39779658403725
-28.85580061527148,137.24876108423658
-32.206371306427016,147.39171133294946
-20.696149214401437,143.77407783651103
-18.970953937088506,141.3221058910588
-21.292975879272728,131.7922887535062
-25.00077861295507,136.2334017523864
-25.94498277653717,141.61291268301525
-25.3608926720025,140.72857185575214
-36.04326474284526,139.99393922462158
-24.047788119165894,116.82182517421353
-27.25353859876241,119.36437274278002
-26.97714296064649,120.65842590077051
-20.037501702594582,133.42982724298994
-28.294182903870002,125.96092177686181
-31.63493619235558,137.1488220787081
-20.498081059634405,147.02026207313196
-33.253385556467535,138.56830992531252
-21.429247336729542,132.11972924021157
-31.379733564351447,149.90043458507037
-36.53517552588242,149.0359976104799
-24.789938981043058,140.05959265632134
-23.85281769664423,137.04450796353078
-13.350028021463096,130.43406831472583
-19.560491703052527,133.23886602999434
-38.15167086434118,143.71324110650863
-27.275958937409612,151.39062302273115
-17.07369596391392,141.3432246893798
-20.168812635854596,120.71366756569564
-27.49698267523577,137.01724290594592
-32.31118048683775,146.4103604822209
-19.957367943226984,120.05950836113819
-31.301379439518968,144.99733851684655
-28.002027710755208,140.07609849228623
-23.262550644987204,117.09186547289373
-22.405221914568756,133.58603043234748
-17.955390759426848,138.00947008261898
-27.084758993883025,150.57160966465108
-15.647190924308205,135.8316589644279
-30.85830903472137,140.84943137331223
-29.456519432032607,152.97865356771302
-34.14077868610771,146.71098038608213
-31.01493553169605,146.7693727181007
-22.039340478963407,125.63786245316274
-22.02456803295447,125.49162119399145
-29.027193587552432,140.98338635021594
-21.665232192877166,133.91754052527614
-14.454199762914115,142.99846358854379
-28.100877242939546,147.2229638982301
-32.990983223999734,134.53420755640553
-16.170978680981307,129.31789500098722
-23.336909704817423,129.1300093841587
-31.819046886725694,145.26904311897465
-19.54612970731515,135.95084467898528
-22.429986771790258,143.2049837691448
-27.9731486947751,143.36696723966188
-30.182996447990003,150.19273181439422
-31.740706083841104,119.89509390402587
-34.937421486699,147.59659987043844
-32.63095243361276,151.30987876743364
-29.566230099879412,123.33943849754435
-30.44558117307007,145.8141977949152
-23.460144433546414,146.2715582382384
-19.339943720497594,139.77690875095558
-31.55434973301489,126.37549727306725
-23.87630228995039,131.41119082168208
-34.08294110714634,138.97747037817055
-24.477415361869255,143.92495697586065
-21.058704401477573,139.93280555541443
-30.24602521296,134.62979147953558
-19.506142756421013,147.15404797776844
-29.711113027660808,132.00978197245044
-23.29050495028791,130.81641039707833
-24.645918961251613,135.5052936486318
-22.443104254695584,146.12698849007637
-33.49564276444716,144.51877823439833
-15.375285119581687,128.86600392001594
-23.481349354280297,149.5314800937385
-22.983524205790243,124.42442033878929
-24.169113956741274,120.42094139202132
-21.61502579540987,140.18700266135713
-33.231290306088766,119.49695384986452
-26.479765455133805,117.78954775436522
-33.76769643054002,150.645559729357
-21.872587781120572,117.51750687925478
-30.89638597975912,135.69542769081445
-22.137147000631355,117.34115492095073
-28.577470519873593,143.9160249104702
-32.06943001750365,126.72063583463364
-22.400433265993655,144.67102847222205
-30.378947841024587,136.64528638742777
-13.996290372998526,129.82519060296093
-35.103084354413724,145.3607972483968
-27.911581641211697,149.22724003887
-18.85088909128952,122.48651773054361
-32.48514025983838,137.23648475734322
-15.1913480056118,134.03461199126713
-14.01326695172704,130.99602695661406
-24.67684545353487,119.02170009510638
-17.385798523998933,140.95058344991685
-19.92318853281729,122.59267307950425
-13.114275290427802,133.04684683551434
-33.51973028678975,142.47797050505525
-24.100710920090684,121.9701226996648
-23.350884968426648,118.6237718570155
-32.741262873076295,141.3067660400427
-21.293584819907405,146.32806271361275
-22.786707361846364,122.6194627182935
-13.151827824940131,142.17577909205724
-18.973527954530546,124.50787373623203
-21.59456207494482,148.69432097562077
-23.17465110607358,114.21629086082335
-21.765097410983003,117.24297465771544
-22.25932144015114,148.51814567189038
-22.473591135292313,127.24679605842091
-23.28827288379384,146.97430288779483
-29.522230553704205,133.3355226635417
-27.22565819123024,120.35928983749695
-23.97192370382174,144.88808911927788
-31.406468994322207,128.3518796492928
-38.13069087894177,144.10139554262798
-22.1818028749994,127.97983189364578
-37.67628239036622,142.4614386645743
-36.833918230034364,140.78471387459257
-32.578151914771084,119.4865652499107
-26.303579101688847,150.10047515297407
-23.893442482284357,142.32843105066232
-22.31532474004815,128.88965596121844
-16.90466781591935,125.87710881845081
-21.38604517104289,148.95277006820422
-33.35491131891516,142.08779555390566
-29.312710592652827,116.11023221013053
-22.282446962335033,132.11197849312163
-25.385900095594,122.66094477189358
-16.025424068076997,126.28876045538308
-31.738592568387183,151.60731974702105
-27.695641564210028,138.48080839589244
-28.839761451580294,130.18952618568113
-23.300781941972044,117.62907039757886
-31.78730001968715,135.44430556563773
-37.54453595205163,141.1017735260864
-14.995887498306331,141.95087311674305
-24.31560609368755,134.43388467676633
-31.678554926273506,135.3136384731793
-13.709883184953604,142.89532676102954
-22.996317022687325,146.92719789156624
-18.432948931397107,129.67038426131893
-27.61092112961846,125.14619791378237
-29.325806965839643,145.61251329535884
-30.702486273921767,142.48646398183766
-37.99552046003745,140.72249637744142
-19.47487524958987,141.406241361301
-19.534931458044298,125.3433819724981
-26.206442920128335,145.5668969175317
-31.052236929851254,137.63929713353852
-30.94709142869309,117.82815966967104
-35.364313335444606,146.00161304860217
-24.127733239943378,150.31186784477785
-25.52229428105787,140.55502127414834
-17.04771834905776,128.33290377183866
-17.745977080612494,143.71179609417968
-31.381722853534022,141.19192467941284
-18.129341397492418,140.12964155730086
-26.154333583775227,120.18813113988355
-28.652613195658347,118.5490823112346
-17.310949838350766,143.08867552277562
-22.973634044313254,136.7527820117996
-26.297745236237155,145.69270419258305
-20.563602694708116,134.26288574830488
-30.34421486118918,120.75522433075922
-30.628440020579408,137.11580410338473
-35.30834264772568,146.43629037902522
-26.128284281702584,152.48918159633692
-22.801608622964235,143.65515876382722
-26.775729088259965,139.28614203744584
-34.25868030493004,149.23912454908412
-26.86583617813544,151.92822742764105
-32.90931334303508,134.28013403255164
-29.875969999175982,119.90240240667362
-20.059628063553657,129.06599833947752
-35.934245226615424,140.34565755754682
-27.378151878761425,126.59790502840829
-25.83574667207083,128.14268624096465
-21.41550442999029,121.62359629800767
-15.987183840212278,133.51005349416852
-29.180687201940778,143.04258916982718
-18.725807631013296,121.76057660267024
-21.55256111710069,142.98902289940173
-25.303085431219365,131.98426179457925
-21.227255293547255,126.40428637572076
-31.280682653688878,122.7652672698772
-27.053714337861134,129.84860937338968
-17.408345724986738,144.00098161674154
-28.403618289246424,128.3784006420026
-24.3722682326528,131.7149996058053
-36.15218712950434,148.22754381555006
-23.69903806899206,144.11858980164794
-20.050334534832935,140.54498030610165
-27.772932711212345,152.07918433335306
-21.17686053059037,128.1610250930573
-14.49968963300806,144.6480177118346
-28.258996858871512,145.64762943777149
-37.6288402473901,143.16270260977953
-23.329073724758786,142.59317079187653
-27.928780353699878,130.06474641635205
-33.52397769848693,140.63067751041376
-32.15933187089342,140.1725513589303
-26.474876045637107,145.4427745533194
-34.99854997717831,142.66769406694016
-17.620999021573745,144.11936816776407
-35.03679416388873,142.91758386836935
-30.183212578012537,148.7320116635429
-30.74940026275207,121.8816274818749
-23.619546588827408,118.45438342786028
-29.68789555185553,116.09232461395631
-26.50694792335115,143.19575533557756
-33.17271516673717,151.07069624542027
-21.851780740042823,131.65573310843794
-26.93352082472468,117.81728018286827
-21.985046490578362,128.89868018908697
-23.722127805937802,144.49440972783705
-14.853003504010761,133.73755759542286
-26.060769117381913,121.31026728818695
-30.25055476599956,151.071337901667
-15.980473587950115,131.84249124134462
-30.68655182792547,133.42040530270478
-33.782445570660144,123.1468058046278
-26.240835956301012,125.74682126606416
-26.096209388181908,134.24652836450062
-30.497653960010503,138.83970806387953
-35.47820381449118,146.08616943867005
-18.170760183488387,136.11024458060052
-29.232321173261163,142.0575178199663
-14.833138847216588,144.19089110812865
-24.89219102367268,141.55310725068858
-25.65612758966737,117.91109329973527
-34.788313106785765,143.5975237270709
-15.813230252555627,135.079545066465
-32.116065560924184,142.97549042781586
-27.466767504548024,150.3121125184249
-27.399509322509545,149.3540487673501
-34.16318484772968,143.62041742891736
-28.143795343633542,141.2570078559285
-22.577658197269677,121.05953633850748
-17.289921350872316,141.2332408762771
-18.199906673164612,135.64327095403775
-25.506459748853924,130.1367117656354
-27.567917833872876,147.75648042752493
-25.01225037110043,117.1544881723035
-41.53048047821454,146.55375117932533
-36.45336253308429,145.91168214476846
-37.58866224806593,140.1346329242664
-29.860107730894057,131.3277118766076
-31.923537325363366,148.57283262057445
-33.22112986697495,135.98457474967128
-17.476344753940356,135.85319124395895
-26.33015232006354,133.5330012592788
-30.703725587338422,126.82872614372964
-19.57093382025012,126.10591003022651
-23.151484372720024,150.42198205195544
-20.02723026267973,122.37340048830283
-36.475818749411836,140.94856957411207
-15.62668856567376,127.15514457116403
-16.12088405799846,133.18668517390574
-12.386344129001003,133.1432803962741
-26.48229517449933,140.64007308144355
-34.35821884676131,138.90650841023538
-24.926020764612662,119.7285926481747
-20.53358916786542,134.52167991050482
-37.5000783235477,145.27649186419796
-33.11009680050549,117.69301480382276
-34.54990007267507,140.1913041205126
-28.30448560199857,140.86871322147047
-15.338432009536671,145.1989415233972
-14.874002533332344,145.10297830339604
-35.353290283519826,138.4125788924234
-21.457523714839837,128.50169700324477
-25.82252725172198,142.32328652430593
-19.34793133678557,130.55308379700003
-15.818274761547201,144.7097148259576
-26.422203405200047,140.3767533104422
-33.147032441488236,140.4722192715415
-23.80129694820396,143.57617462762147
-16.664749184602254,129.50590529113995
-25.609814416956645,120.98161033414189
-26.344985042327316,117.39003829462033
-29.411523560143177,151.93979462237098
-24.410264813688983,142.7544729283235
-21.59925581852328,142.9538672499017
-19.524583219276895,135.30267991511045
-29.202382220213604,129.59432641779017
-16.546447160392685,130.974637980181
-28.871034747812324,140.84970291187201
-30.063414291187705,143.86470074700446
-15.1075110334647,133.06685016382664
-34.13723120321043,135.6721295509294
-14.27572915355389,134.9149579559937
-29.599618892597867,134.28528818100352
-17.950666045434406,143.0494857938262
-25.067662499869467,147.707497795912
-32.86294343514762,146.29594135789992
-28.324671971247632,145.46562165194018
-24.810091451473763,132.98073609561052
-19.600281626385524,122.61110316086594
-16.953292537076152,134.91460621969665
-21.539310887977095,143.30766258002308
-28.870843991707964,152.69357929645633
-18.04223291839905,130.80151193563887
-30.259220892102014,150.18947134677992
-20.309163363228112,132.90027697102576
-16.94926543154942,137.92217824545355
-23.546667885139094,148.83232729736758
-19.8832975733898,131.50922195217754
-30.86645995343609,141.02202667652188
-20.409345018909367,121.23405512920989
-27.60471827800748,127.51276443669252
-25.043336099145687,129.86395605332973
-28.259948021345238,142.30117404608936
-28.402345396422696,132.62083690318494
-31.340582562290532,150.22915201331327
-30.243533611525997,125.95114258866965
-28.17948325370364,134.94260719517658
-27.93242854659747,142.21692376811555
-27.424462433225298,138.48470178925933
-24.616794942285832,132.25738610999136
-32.04403265032191,125.5457810872831
-31.340075475702903,121.84377784769379
-23.20584187575702,129.93766431183295
-24.11566460223131,136.6411976593197
-29.56919698534167,131.97720474729394
-27.56566918044415,120.95665931683436
-17.50352623717447,123.9035033304422
-34.58889046522005,117.52922705894784
-25.146518480146693,123.05564709422124
-23.94352372747801,121.12071093735109
-26.74929827302757,132.3257073372954
-23.110724560670022,127.5986437366938
-26.264325604599968,114.93529447233021
-27.645127473603484,127.33619313262241
-24.423641766036045,135.15490726578597
-19.727540543763556,134.2844559721064
-31.303339452693667,131.21472805865966
-33.27278317395981,136.6519178441115
-22.452378948068738,148.04332913555984
-28.177969501428105,126.14935691429174
-24.812033528464926,117.5287420551714
-25.64602041394968,128.78451268714866
-27.695118772975746,121.554170815966
-21.05841939220384,137.6493751890697
-18.72441996900157,140.69303865357202
-33.64654752000161,116.72021382566676
-16.47838185099142,124.5085679020744
-23.05708222772465,138.10088317057568
-14.810563125325281,142.1897236936858
-24.98884193454387,135.70285397827806
-17.603777330423394,145.99442949820823
-31.54234011763031,143.386226412911
-17.355073403403118,127.43535138499365
-14.365976153117831,130.5348455310462
-28.95166257365365,131.55442465802324
-30.96389941203548,119.86856542120991
-23.793809192623407,115.52711575924519
-32.35733577969164,151.7977374316057
-26.025787327954326,151.64455678381822
-27.893953930932096,147.01119352391964
-33.494165963935146,147.40748715641172
-29.4254466741262,121.7066229923
-15.358181913873906,144.2534334913526
-24.47554504356366,150.5066919452703
-14.824114855500373,128.64758344942132
-26.27938748809754,117.07956649953887
-12.526068262841605,134.25837640345614
-28.8857090454337,129.4963371980152
-22.41449912432827,126.36797501637182
-21.44498109821362,142.16600830362827
-18.13690278458351,132.9542661118287
-14.511720043296432,131.60805989800434
-33.37584607426869,142.65263001541354
-28.04682796317615,128.98098093118202
-20.176707893955328,128.94496727312233
-21.689843221131355,142.4057738416977
-18.44528005716837,126.36105456328218
-23.173432281705036,125.27913114403172
-25.46435153565487,133.88562387950455
-21.658538456950076,130.17888248786724
-16.91245661570624,136.7372932187963
-34.948576727998415,150.02429540496604
-41.70079618466525,147.09323557230726
-21.759998077774704,126.99261740681365
-14.42360636068345,132.00561518305503
-30.105590934683576,125.70769038241637
-29.931292705413828,124.19961621171076
-31.32275241008981,139.70345339790185
-11.288799692329377,132.19768575455797
-27.331617073145686,138.96472180981
-35.168731682324506,146.22916598647257
-21.463731640319722,141.37117435388865
-27.87634735733111,131.1566784824799
-33.784143909373434,145.71373060545952
-22.31010922449679,119.88373580593183
-23.113438897510242,139.5104336587538
-35.97257302715719,142.1121209720388
-27.941581466271582,138.37334924562285
-19.007954845046992,124.57673176416542
-16.08830282661894,131.5167275089172
-24.827177519646376,121.14003712321743
-26.91141734063995,124.02387007428646
-23.223646810995735,141.12064219157338
-30.8807477009522,124.91640526186922
-21.78190965682736,124.35109134434828
-22.935083343241594,136.81440662607991
-23.963013677282948,142.91831139632612
-29.614708192493,116.8680153786086
-29.48944157050071,129.47204456721093
-18.927078726288702,124.32341733867935
-29.609831656695924,152.19709732131514
-24.79573587633705,126.80074631803805
-25.811916367908328,119.07652139877118
-29.43263616584278,125.86626445306777
-27.508852232424363,124.22702054264808
-12.885926228869888,136.4352074749354
-29.74784167040279,130.98323589061658
-31.721789342033908,148.7228453471902
-35.45378185333574,142.13359808245957
-16.861789552716246,128.10491163232058
-20.512539244694814,127.04201643652674
-15.589273183412274,144.1124899051903
-31.024277862315,149.43895530240522
-30.427208824894244,144.54969840823625
-28.17601047007325,114.57533949837325
-32.16250544610341,145.27983263576732
-25.757611470904642,142.4148625399803
-19.497440257622472,143.8792937716678
-15.425703152496357,128.46498293017314
-20.74632444344565,121.44875023843248
-20.196210619205296,142.00347692239126
-22.074274763778455,144.85939092561233
-20.597752300582513,138.30243696225727
-25.305531414735334,138.52582235416028
-25.26272051474134,119.7359530747987
-15.558893301694773,125.9134359592835
-30.557923217843005,146.44102477230751
-28.92986063045957,135.52559616004262
-18.47641960523543,141.99644172000222
-25.38341946464334,127.01489860874626
-17.200207899808337,129.95237545982647
-27.969298832768544,143.8856429711591
-23.97814935596513,122.30636266804444
-23.573267069106418,119.35879648701655
-35.78454727721005,146.0353508728883
-22.766821039890672,117.6234988559129
-22.586167502953224,149.16668800502418
-25.823122153192934,142.51879059052388
-23.166574306828956,124.49558590717207
-33.58179165284494,135.13843153914044
-30.994281019195512,129.30048949848018
-28.422821125660903,142.35585869847
-25.179826159293476,135.91040366233585
-27.32727772239773,119.57583909163701
-22.315487809181445,128.96439217366893
-31.754526532433736,124.42532053906034
-33.628338486061295,136.25744090977832
-29.198979775497772,144.95523607528818
-33.66758298617057,144.5382368089459
-17.00829931526395,126.0953521525796
-23.547357562876545,119.83733120902978
-32.002947542690876,148.63094293455188
-28.66406589684999,125.49925345320729
-34.76236432742185,147.24786730450361
-29.49418689715212,150.29357931407674
-19.834074173049974,122.41461283167041
-12.911252985657757,131.6125214659899
-16.50278425959602,127.89572978990377
-23.710357937985222,135.17134736871822
-18.91216605135081,128.45466657361266
-27.327427018606514,119.03355061948588
-26.863876466237794,129.99585364013572
-33.32580502150382,136.4364759784314
-15.947383462217903,130.1240156286113
-21.935688020364633,142.61736735285618
-14.142704019881933,133.2951925515695
-16.41239634429466,125.48447200222144
-26.87718114297052,146.90459943801332
-23.43253261534859,116.8752704943972
-15.466757283475268,129.58589936242933
-21.823488834783717,125.2930412617678
-22.19701542694906,146.6155987634067
-27.06594109057163,117.493946233724
-22.330782836685117,149.92098964429715
-22.89186940615896,133.96001637204003
-31.518972600418834,129.58327939071947
-22.896543302765533,150.62150385248094
-20.722292068740927,141.8792294789493
-25.667734246056217,114.13406419359721
-36.38811575388043,142.88997023421618
-20.47786344202383,122.38091710010444
-18.776013029274147,122.04299497112356
-24.207780914637244,150.48289436822935
-23.02170182715561,144.41704470352457
-24.82472902981138,116.82786950840368
-27.996908145204795,145.2905587789476
-27.834615582777893,140.86860082905773
-35.7308506369192,146.8569560258033
-26.47525341273837,139.40214978948586
-30.794860008753986,118.80113362042015
-32.29967481749698,139.69092301676852
-33.41386111471824,146.6383800939263
-18.645355758121912,138.33532099041025
-29.934291035343485,119.91289277820766
-15.901297550530021,142.28130450800404
-20.975260142797975,124.4541565251761
-29.764574549533155,148.2503095687104
-32.553700632136355,138.84364617931223
-23.2812866985438,149.79037866574615
-19.09339365987384,122.12903636829495
-30.874453268089802,145.05003710971351
-18.749413503254218,121.7266107819385
-29.381045763877957,118.29182001672021
-32.675563073296445,147.76656787564195
-13.657097044773245,143.36837481119812
-19.06176959376335,137.902686128587
-23.98422101821965,130.1926880877537
-26.59060721615713,127.00898071971406
-37.53266301152608,146.89569873162097
-30.550474816563078,150.8339889767624
-26.450796096601152,148.48687045837502
-25.420566021353075,128.57492985207702
-21.395796381848626,138.48601395902045
-25.628445709581836,150.20554730428086
-29.243539724817694,129.745477896514
-36.07999861198691,147.66644903481367
-26.104245705189317,144.48403409003026
-42.04877018775998,146.21074013929635
-20.485107555306517,128.1596896378185
-19.721977621126012,137.67650273446813
-26.113984068175597,117.12718568678069
-30.019195940614093,138.79951231621496
-29.98859712437481,138.83137553008203
-24.66866160467149,148.13723208665147
-16.41252704247438,131.30901789243705
-32.77763322315757,149.0301909367576
-21.896011508279916,131.67559071288105
-29.522271286476958,149.6304951034608
-30.70049961934034,117.90179475833746
-31.989204250058208,125.90793624143843
-31.4087064105684,141.0728936188757
-23.383864069614425,116.53477305489805
-29.19446087044024,141.11248831050688
-19.41384662729083,134.91296201756842
-16.889466099534758,132.0739167869023
-20.146450597833265,144.74122014569107
-26.14597051437801,141.91834315654532
-25.56626855325028,139.90119327386512
-29.62995716706623,149.31116742387925
-31.158028650968035,117.06577201380911
-25.39662263656054,135.8300661510201
-26.24907425266172,138.6921843301039
-30.842848627103887,122.66000761815805
-24.814123716484442,114.29956045319034
-22.97788932256096,125.87443382629255
-26.44890071274234,149.5279018323953
-20.92551156005206,145.32842459199512
-23.012234827485926,144.07534949487672
-12.726796794883363,135.49948459969025
-20.34176829430256,128.04621564948414
-17.974779748657685,141.37889832193997
-22.70983176173252,148.83798727810105
-22.4890658942872,118.96209567571395
-21.868629681601945,128.70923161069973
-20.59727188538224,135.33738096506733
-29.072827135314952,119.35974884325648
-22.29689017818292,131.83040942718026
-20.94899938618804,118.87276087016849
-35.68249576566025,149.88177959835326
-18.84323933346225,142.71095730785188
-34.50123041776057,145.81239697539817
-22.052808582094407,135.71147749095434
-30.063568498100306,136.64027006859803
-32.21747482850758,122.10257416256108
-23.97527931750212,129.1571189136824
-31.30237327535676,146.6986705751782
-22.36635384234326,120.9566689094811
-35.45737312495113,144.5607021271028
-17.103789482041904,133.6341798781837
-38.286667816127554,145.15299405547702
-33.1721444665615,138.59193121200767
-25.691259754832846,120.26034443932645
-18.235756633036676,123.83792164353443
-37.2238783055345,145.0200656155859
-14.013237804405634,132.87418806088107
-32.66838782955048,144.05374935105522
-27.32503111881096,130.99520033672883
-19.427494307639883,146.3901850471808
-33.07606291284278,118.58729745753101
-19.30377592256577,131.6382772816609
-33.72039241158477,150.4792145447299
-28.805170095458834,153.00436231769083
-19.524407067666225,139.93772884246016
-32.438808088278584,148.34227682879197
-27.717048225543333,116.47188590381037
-23.097224406170398,115.45558458336467
-19.68054919431968,139.97902596304098
-36.24703315492628,149.17178778837132
-31.92824566513969,139.63820094273694
-37.860304690382264,147.5827180910676
-19.074822348416827,123.04463621550363
-21.73595763039018,129.50045380554806
-20.640651757081994,138.55650024826593
-26.59837926463954,149.0468397583055
-26.22443925675169,142.87607899657868
-28.5074540711076,153.11162147635702
-23.76612983048877,147.550176420227
-23.04618567754997,121.37389685711548
-34.366374465469754,143.20275798444862
-23.239730375367003,129.37590872457096
-22.52539038500388,134.42925595518523
-30.563131355173283,129.07491743641165
-33.112067161201246,122.67983817381901
-29.83145929071852,146.7053024176084
-41.979450640623945,146.88882056640438
-22.81138226705873,139.93969428350317
-31.2366565768846,121.38755420221207
-26.816062656009233,142.73867020270396
-20.29677742885842,148.33503304247125
-25.949581765654,117.84635119851062
-24.888320438128787,141.5391281117994
-24.04803999862122,148.64886161970242
-22.71519929623514,150.36832709010167
-21.891227199621163,117.83481925880466
-24.786357880457494,129.53495187241168
-28.084391446808738,128.53829660314648
-24.376327163145124,128.66254443741383
-20.251728911773643,131.03841644812564
-18.711939686667098,138.49012041117433
-30.527485552026544,146.70324798507386
-32.409287383402614,116.25814628523598
-26.00540531509322,129.70799062326435
-26.538640016720493,145.0915872663791
-25.413959363584098,145.10894831830473
-23.90404671377014,122.50538566925066
-29.9857883351931,150.33013445489033
-22.855336805898308,126.47875386751315
-22.552021424703117,123.47770865911882
-18.493737379413048,144.91937947161696
-28.120046387198833,128.6979071652534
-34.67375080878345,140.27927774121645
-17.36720842695227,144.39246555239654
-28.9132815169944,115.09110253302185
-17.22796638934568,135.3975990410017
-26.248409884937516,117.79155825547704
-13.72340861814697,135.46922035824392
-22.246013221856273,116.99826237108476
-32.39409768113181,125.69735988572715
-26.070036304512946,124.32443045588604
-17.76697579067654,127.62175612830032
-18.331309958219403,137.26179137086132
-31.749400386656106,124.90341056876468
-31.29778233231844,144.52814984906752
-20.84656293331711,116.42534272743492
-26.175178196036626,142.51530873921286
-19.93960323349192,140.1516591191477
-16.772611742221695,126.95824325280641
-27.418294009812325,128.10945337049336
-20.381943221871907,141.7871533709145
-21.626856961354196,136.42147158024403
-26.437214734276232,130.67155378378195
-24.013207439236037,115.03979274205149
-29.620879222789224,115.02095609963402
-17.375166112962518,128.4524012195267
-26.541233647493602,133.8617486046612
-27.048001790210183,139.5194505214945
-27.9892255136674,130.52091836603682
-29.670072503362423,120.78870687957678
-22.220577940933,119.43242051809544
-41.65354534600374,145.31173730678452
-33.80269881787559,149.58954260347207
-15.004893707558281,127.74022590040082
-20.64528792792352,134.4190012784875
-18.112801668532516,131.43601404230375
-27.6241345892672,122.68853439291891
-26.752985709801596,127.29179288640285
-29.240300641055658,150.36840888075096
-30.54112503730726,129.12779835133193
-30.436834822559675,134.6182208866922
-32.46758579829468,135.69723886258674
-20.83360549941194,129.58153540663469
-20.723157145602315,141.68907702863095
-28.009067147008118,130.85602866986213
-30.68739719705969,124.61498776938078
-28.288070787349547,134.7280349560485
-20.9805227464736,136.39631094227866
-34.41038786805255,116.1885966012605
-35.3747723872738,139.73084450305942
-25.74998404032589,127.63312037656814
-26.11762473198598,140.03256684814187
-26.95560787244618,147.0039494260989
-28.483975318902214,134.8219362426568
-14.321701723347477,127.37837306670706
-21.04515307792076,116.66096454172785
-18.24995278899345,124.64268045266351
-31.64001143223482,122.60078149041931
-24.38538302111109,114.10343721123819
-40.78934558971698,144.70295351939885
-33.60275140046656,120.13990452711977
-31.273452350868347,140.3687129207369
-15.700373955765677,131.32059872579313
-19.33777076334951,131.97753862116886
-18.711729978479013,136.52530409411534
-24.512443953168116,123.80102294299968
-22.559359034810022,144.7137498110871
-18.068425814646556,139.8781238568805
-21.15519259356321,146.64443132744654
-19.228882349094444,123.85997885773864
-32.35127351334368,124.52972815459503
-28.767174128922065,131.77511561033972
-35.45716663720616,142.58336077184887
-20.590636488231457,145.46598850460776
-20.030291701720742,132.51854620620603
-30.94209624090565,149.07288959109331
-29.692789671780943,148.3132740871589
-18.89813302447637,145.27708860470088
-19.40186424187072,123.93308278674284
-22.024096859368807,136.01777377821918
-22.74677746565818,119.19380077029432
-32.38315682872141,147.85907437233655
-13.96640674316765,132.1541821673464
-18.168231078943748,139.10593952253095
-31.631110068107777,147.71705547336973
-26.060151729450144,120.93711855069783
-28.221511447607753,142.27766005800058
-36.75192549796078,146.3343729270419
-22.054470289922946,145.64543176873923
-22.83810277055514,140.2873873209066
-20.09246768861077,143.302275316563
-25.913323313271793,132.0091055389874
-28.574823424282382,136.15732925195178
-27.53514555654347,151.8861822085818
-26.66443680651932,113.60263824005071
-25.50128929238348,144.49966282127443
-26.558022692719316,132.41724846340335
-19.205967032265058,127.53562154552328
-31.878013598792965,147.10365435474188
-26.470749744069728,118.1455174177723
-36.88436293293823,146.9962843650442
-18.82179866083638,143.43970822759675
-19.406402062874925,138.22931300739992
-28.505336332148396,132.156498921029
-13.011964288482687,130.5427436129504
-33.11038327297783,120.36256020482926
-27.258027095376185,151.57206744573938
-31.069253428305565,146.03418070227895
-19.093395786902185,127.66690729169127
-17.971469472824243,129.3386647518759
-26.818811034183337,151.01182669122602
-37.596910093263766,149.69360331596215
-26.83538646166454,119.78909588630007
-31.41442688837202,136.27711204981432
-25.817423855870622,128.7443094832106
-21.92822963868496,128.48998026004898
-27.76547991044517,117.89581879426302
-24.918214694202632,129.21928649283112
-25.0319270256738,152.343736938592
-29.96633676697421,141.1872588040186
-27.544851753011702,115.78273541207668
-24.655243602443512,150.84350308841692
-28.09204947486164,141.1061862830674
-26.040329868587335,139.9348319652257
-27.099414194601373,152.67190669539377
-21.494962497822623,146.18829988353343
-15.681962166564638,129.73116792248123
-15.66779296690433,132.96565112705895
-27.69911546146552,129.70757973656367
-15.663544012843278,133.83452114918666
-29.170817265618695,137.1329699459918
-27.76123732974766,132.68426894538356
-12.747543799375492,142.2103117978747
-33.3498512508691,149.68980415812192
-31.37755287206052,133.5973877757251
-21.92802787180117,115.22665019111977
-26.18147049923956,138.4741195136405
-23.98983214953084,146.09557325688462
-30.13308490936357,141.77378134754167
-30.958615045633344,143.70577730549607
-28.531550877018482,136.91596041995277
-15.67657580995289,145.23920929925373
-21.43149503450006,130.4105641464178
-29.577642289938833,122.22130430279356
-24.208969810945245,125.24934979913961
-33.82996021119155,146.0073523735659
-21.628298049893292,146.51757216119114
-32.77196427747226,138.81802559060958
-17.138725411362692,126.58390985497792
-31.89129472281401,117.95152011349319
-25.046572868504235,135.28251782860403
-23.387047408052922,140.02378096441956
-22.235656367960125,126.29469213187448
-18.885500459781948,135.69445829708195
-34.24135123536228,142.09537683506304
-28.958259631552956,132.65019788643843
-29.36344624727618,140.58056129915556
-31.84594603676196,121.0102814041961
-28.464740493387083,120.73961837510413
-38.439739151594104,146.97870949364048
-22.70431390404846,143.53983124349944
-20.718125367752783,120.34070491945872
-28.183097690984486,122.63392637607912
-16.548536491545203,127.99589130835902
-23.033950332383842,122.76466819445407
-24.873140087825092,123.54288148872817
-22.27808809741911,115.87120363909075
-26.169888217845518,123.6471835973008
-33.51568863729756,150.01213943967196
-21.957353018521154,145.23240752903519
-16.47844099518307,126.71067390161434
-15.59624573853052,130.10786133481008
-34.823306669297054,147.68424090063723
-30.63621970795044,147.71833220706085
-14.709962292237499,127.42177486294742
-33.60871936438345,140.19884440491973
-33.9324348137978,118.75639157326272
-16.957706894717095,128.60847916493043
-33.51480511988825,136.30811566116554
-29.72957649319689,137.54945684770337
-17.62059094252871,137.35230463258654
-21.68334359459595,132.23837703661115
-28.355726242592652,122.05614526201047
-16.3547070493867,128.34419650511882
-30.17810495503,141.31869112473808
-31.051454500167875,152.09386277633547
-29.300494513413852,153.02969786406476
-19.253654293666873,143.96739615476787
-22.633526767666883,128.77767344432127
-18.952940265189156,123.97291788718778
-19.155441774240934,140.283304837905
-23.902876413334937,132.8931413324387
-23.625493192355698,127.1077298887135
-21.99703464095196,142.36492370400873
-34.89210451242775,150.36247344582281
-34.62935985298821,145.66723282954754
-23.092648636082025,143.63846492705503
-29.251660178659357,134.12576237372053
-20.80846491222586,147.62280480642625
-31.706047969437584,117.08570014304568
-29.32248836431177,132.84255497545928
-21.259184778695833,145.72237621320897
-21.584548007150755,142.28609816053694
-13.399266250984134,134.65859814997134
-26.521402539825385,146.80837470301924
-34.09883482298614,143.3680924873977
-23.039125747777636,139.79893773776502
-26.196348409640375,132.11690097122036
-36.85516872021468,141.24844110396108
-31.275188528992892,147.72279435204968
-20.656501503081365,147.84686576140135
-22.313218701209713,129.8286551470471
-36.20589768775837,147.12719840008216
-29.30641167037755,133.32888337777567
-33.8767115566931,135.21016271085722
-22.25706601177998,146.09204518221057
-25.76825400177179,124.24298794021472
-22.811198026237,143.92537376138426
-17.374019270323746,136.20792494228442
-24.61059417603031,139.53690016044217
-33.431676461534124,150.82278089614778
-21.220180975032868,135.151395135184
-24.695387835131005,151.5520218807469
-19.078922964417632,144.46267189982578
-23.212725517285705,128.95097964164387
-30.808351056754113,125.76530449797
-21.61096524482081,142.27841374593078
-22.996534824820795,138.71686558007627
-29.80278552037106,133.058943886627
-34.214363270982005,115.23182881595659
-31.36830936617694,143.56639300731266
-17.614705586256253,130.6632498643727
-28.000845746845584,131.4171420278808
-19.70500616489356,138.91023422747156
-30.7592056156366,149.33890611937665
-19.911600280273916,133.2039248396216
-24.229721943821318,126.04092962021446
-19.81486210859972,144.20788144032204
-33.86726473503079,138.08165397146533
-14.029435663121255,127.18300010935953
-26.979506540002188,152.41087372073923
-26.913639891206834,141.22336114135916
-21.13709143566913,139.67100506648362
-16.48504455651877,134.2479410318085
-21.768965050911724,133.02577645655788
-26.663721275593556,142.32204647965034
-18.047383649207354,122.43618771266485
-37.58753054400785,148.0480271313842
-19.489376244391785,123.97029220902067
-15.883860485402991,124.54976142652308
-28.408449068046515,144.4008992490892
-24.89368946893722,116.05385766542705
-23.960292092087695,143.6214165315081
-22.960959827622013,150.40129867955972
-33.17080804675091,118.46567643955915
-36.771938934808716,147.60688852095686
-33.59859940737544,120.16269009199836
-32.85762320842914,147.69919743808373
-32.78419845942581,149.03601929192703
-15.97535926857558,127.3631331209792
-28.754402914729653,121.9994137767288
-27.59286445189766,133.45218766030573
-30.34985671655902,124.61845418376234
-29.399457808851338,116.38579757908592
-29.817278502543733,150.13450380159338
-15.971383057286381,136.54364672465897
-37.61927488705386,148.66525234243218
-30.057690154615887,130.94973825083886
-31.23575313062102,125.90229022399069
-17.346395591470536,135.0422922691892
-16.333197228538683,135.43437388629366
-33.077622216845235,116.35685061007318
-16.68506479605481,141.84883840108785
-27.707848417566147,149.98299564307658
-35.66046116822969,146.04233403689832
-31.715245430726036,141.5851992297963
-25.519828458422094,150.55356967589472
-17.763765087731578,141.86058190512662
-17.60193548226137,125.33384022448477
-19.644266934412,132.8394525959985
-31.061540832417183,136.646997891043
-23.59013121578219,145.8547584862082
-17.89562439960314,132.9028111505005
-31.55480687412348,119.37200430976829
-30.287362518417673,124.62047806462074
-24.00723062630234,118.68211057625324
-25.3700177124254,123.76009917949673
-38.095710777083866,143.2942314298035
-23.69836313060823,114.47309629936743
-13.741758623210679,131.8673086631643
-21.519881705933997,119.26309500124681
-27.088933124693675,144.59928591299754
-20.753125125467676,141.47725480793022
-21.282009492639897,121.70922325580378
-23.035472086443175,125.06942298920038
-17.995845137787278,129.49091698077564
-27.499800965920716,124.79012577747562
-29.46646878203686,126.31312084452951
-32.13109814029305,151.3990480565899
-22.53584701459806,115.4553986120886
-15.833331557260195,133.8783519550461
-34.76457772361347,117.06143037314826
-24.49695887733985,135.53858389689583
-26.862562736947922,133.75861074313673
-21.753788569086456,121.55134506964747
-36.014903406531005,147.67347437167024
-28.447048306371013,150.44213413742375
-32.00727202115044,127.14871544997095
-31.62916100330256,117.22772252433523
-30.72776631042806,146.89628867445833
-33.328028214677225,134.92097850154343
-22.38691287365974,140.40241204517767
-29.156205546886152,138.02695851226275
-24.15204730042419,129.21110570726336
-41.38840864333171,145.2485697467076
-33.329507926898316,149.78832795657297
-15.869822939464619,145.31450068792049
-30.938127747812047,136.19585437753528
-25.305952943076267,140.28094907052545
-19.925545294625422,136.77426151399078
-23.623255350627467,141.49525213243572
-22.941381249021827,118.70105598895094
-17.011006930102884,131.9902030336758
-17.085293693392195,129.35942617900534
-16.25584969259534,124.01142756794036
-22.12658695253994,120.3175620148942
-24.728193066626858,127.8916019245751
-24.16411515435007,116.80962524639469
-35.466373405255084,143.49431526654138
-16.989101119830753,135.9532571700771
-16.37102899988511,143.84507655646996
-24.611955638409988,119.17767964369615
-32.77444269328144,148.93187851965172
-25.03896803204258,144.83143199723756
-19.241962611837955,135.67736188604698
-19.660735601575176,146.14902257017806
-30.671686711639893,141.6431494621823
-26.35168313590078,151.12931643759234
-32.090067233948,117.15384084750818
-29.67190415931333,118.17947513458554
-32.52827877941667,138.33183235646786
-23.118559520463126,118.28393635346477
-37.60716584610303,142.2005853971806
-25.798524210624,143.7131504374808
-16.936632596497528,145.42033376425383
-16.45379435220535,127.68731114688937
-19.186640828805878,144.83277090978416
-13.656109248626962,133.96710171051282
-16.06932996816157,135.35590263162743
-30.476731484588107,139.69280602712848
-19.175690870132357,142.16459608473207
-29.602792079351616,134.41536884132097
-18.592480179137997,123.64194479292206
-20.12414781393833,146.89024113863272
-15.121122418091126,126.74735316067807
-22.968774736487642,133.19725236819707
-41.89535718836095,146.81649516885614
-21.162546123333918,118.63839065069675
-27.49442333128688,152.49304415476325
-33.7068739291357,123.69111407710628
-15.379584561130855,135.08918436835626
-37.702705346647,145.81429222579766
-27.735824960925385,150.39824962073644
-30.12510885139558,138.8880641961527
-29.606450537954302,149.73046453340743
-25.99466956686317,146.66109428629687
-34.393911617453256,146.9622884974878
-35.689847388966754,140.93519901228956
-15.225014317474027,131.2959012664791
-26.55078942695024,124.46577014686883
-32.84516366468759,150.09534772141527
-29.757196298726043,116.98331583105653
-27.972142454832372,153.32780235300055
-22.950322586034144,115.01968551976402
-26.081306172283906,141.39318720185565
-20.372670586893168,132.63697563296054
-25.847121209583214,137.6615146728301
-29.85047327719616,150.85485319103913
-29.623959347846384,143.54508338100544
-27.604644498013222,116.56901707924126
-31.075602043532875,151.81613105192835
-35.21714286524484,143.42692909862942
-25.68778769070932,127.90025728753035
-14.640458407551545,127.04596377453905
-30.463202276140613,151.13992032454016
-26.769030261158903,134.7830326840124
-24.341348849795445,131.74413261028317
-26.007565609045503,136.37647268263527
-21.293264089359525,134.29066780958868
-26.913528124678177,128.74115599796804
-18.516684833885314,141.50957516757222
-19.524542018524578,131.72734605334668
-26.903615585177782,145.61537636445058
-17.43400896175788,128.75214196216353
-22.87405538872173,127.65186197742565
-18.114107013112733,143.37314247677458
-25.309187318218964,132.3037666445284
-30.990501416176826,139.2330855575754
-30.480956685129218,126.81592789650085
-26.845806378959335,125.29847586723322
-30.700666617233033,123.56901248580212
-37.521251409653246,141.56117658246342
-31.24631162884247,124.71087032282384
-25.90008203537335,142.46082554387513
-34.69158398539956,140.31494946334334
-13.378840334942208,134.198302921594
-37.244011147411285,140.9995183497378
-41.283105466514,146.9261620585421
-27.60576167549472,128.05290119268145
-30.365705404730136,149.18248793323355
-22.603180608279924,115.6354814933167
-28.679607015695503,120.18335307461857
-27.856380403059227,141.47893532982644
-27.041424702202473,148.17019357156855
-36.722217503137365,140.05757787703158
-30.84721763002917,115.61852895485262
-31.11899183730416,117.25401996786174
-17.68359721456232,145.1125148027465
-24.033323173085865,127.0546820307013
-36.17810484143877,143.57836058780856
-20.824832959005615,134.53909407433008
-20.275033609533974,144.75424572162632
-30.94999287528968,130.27346126340893
-16.637630688945023,129.51290138720645
-26.22019341300257,144.83958319200394
-28.58323682511253,145.44437817094737
-25.50094653533087,119.07819814295102
-35.076826246207744,142.29880625745028
-29.305277308084833,131.86567586625085
-21.516775190137544,119.12779452176919
-26.236375212183255,122.39004339914955
-21.41570281821629,132.83164067775917
-17.659572160844025,145.95912244128613
-27.396130630932845,124.03203321594748
-42.85595742221507,146.2804491631303
-14.99434872778685,143.1186318574803
-18.48588310486658,136.2937549972379
-37.686875634905505,140.8417393073369
-15.431987557125044,130.0147430386426
-15.968318085574058,132.47340993968385
-28.05947535713142,150.31495457392944
-29.541008699874183,135.92447287408822
-17.47132171312252,131.77321722540407
-17.699163153497217,138.50573075503362
-29.71761041192992,136.38012008502346
-30.420459127148767,126.55964245915828
-22.60789000408767,141.64740269488078
-34.49234600821474,145.23420446256975
-24.52451577422581,135.9041807580813
-37.075756373351176,143.20977962578965
-27.931154040545437,145.83043744879546
-27.63819195958007,119.43865982969719
-22.751553969072972,124.23689072735357
-15.812419732251342,144.6418450465019
-32.03035261164919,137.4209580196425
-20.218196682057822,128.02899571598118
-31.336397915683694,144.34925497245158
-28.3766734587837,121.24488309440507
-28.533925838092813,141.51074063192112
-18.093033366194497,144.00960738974993
-15.375784520054602,135.80824304396572
-27.158279080354685,127.2735952329689
-28.595758458481356,132.13024669350474
-20.65229217605328,127.11315652395656
-25.892550512901497,127.77996283291077
-29.59880650053333,142.15091346004135
-22.051112800384743,133.07831519404968
-33.93068716100903,139.22470204737473
-28.918159309562448,139.5711539090528
-29.418546759324293,136.41302167519012
-36.25515578467567,146.66334219489022
-22.89528635925773,134.7997744295579
-17.392750511722287,142.09681784139786
-26.180241642898476,121.51764866083167
-20.935870858863396,138.12993663422048
-23.489550130211605,144.5558058919098
-25.1177013437735,120.27060360412362
-14.66766935486769,127.06578142245147
-32.5278017327224,118.02541529993945
-27.009714740864183,150.4363378249268
-26.646169233180075,146.57265011038962
-33.963613496328236,116.45425181086814
-32.358690599658246,116.15568355331814
-19.43870043363821,137.84411141388193
-38.29758296204639,147.07077160951644
-21.60535192392909,134.65436974095732
-22.24367764788872,118.03971676468615
-27.278921673021422,127.8985081923991
-35.9262849413942,149.83249147376512
-26.741976104228833,121.97547408498744
-12.178719073675605,132.20303400945218
-23.073984701147914,140.6071099596332
-28.42649589533125,130.6194713793367
-28.486942997820606,143.553482935396
-26.993517255992266,143.54077740452647
-27.24481612475223,136.19694197199414
-30.636287460949497,139.3099243034658
-29.426335887614442,118.99941981195394
-20.719661225768544,140.85125001899857
-25.96684425255937,152.77939175504133
-24.035844108892007,115.60800761134101
-18.408632071224503,135.05923625568704
-15.865393683851355,126.98304938489706
-30.981133484165788,151.80280905252215
-28.044164502245412,135.4778170026148
-32.40242303128584,139.43149885173983
-16.296316896417736,127.38649694799587
-28.794743246874894,137.26087620290656
-23.91125063513029,144.28009475310077
-42.67283131810361,146.79026528454156
-19.522267027387734,129.84502572545605
-23.080720062494095,114.55176019210599
-25.675871987480278,141.86469219104958
-28.884391427093814,126.02277006011239
-32.19522793814932,120.50055938723719
-13.659712403436167,132.9564084295494
-28.849205857018816,120.29397390801327
-20.032077384327827,142.49028777283752
-25.870745936681555,115.07090653599923
-20.026147560080222,120.65057848677573
-27.84871296218311,119.67706361253457
-20.9868454815283,116.96080476259002
-23.88829559770925,125.37616119957909
-25.52729897315034,121.16829510955951
-26.610447142298096,147.82290226517608
-41.42131228558779,147.8731497942136
-28.133741716989867,115.1696314641901
-34.50984622510179,147.9281657280235
-25.227180662455922,114.31447093947176
-20.427252305897966,141.60997543766817
-25.235861309967675,118.9733186631463
-24.884176155144026,119.25328114033168
-26.952099110157363,144.35370335376055
-16.631396034940586,130.1775035562032
-19.32640017040374,124.87583031224298
-26.42184602348648,128.8869976110983
-28.66335791029899,121.44349447930111
-26.98205654825519,117.41646579334382
-15.97142780813467,134.12546421416116
-23.582309058998362,145.73532907198046
-18.885431849278962,139.6134293310358
-28.151239424392358,131.68941586935736
-35.398855191433924,145.26777024822343
-23.209742671246314,142.11040986270018
-20.932413758553686,139.0305988008171
-30.559301531625863,148.41418979203706
-25.219986890913493,144.90690323170563
-22.979178154981064,126.60191906020663
-20.667801218102365,148.37164002224551
-33.81817353905174,139.1456513885663
-35.283275637610956,143.87407402694745
-27.36229443249672,127.62539268789838
-28.880582313880076,133.98417615561817
-22.67137288500971,149.65231167317916
-25.09027285873235,123.81956377692747
-34.05832844303186,139.5436352134121
-26.464334544844526,150.5262097437569
-32.14837657419788,141.8509173312874
-13.24809160254146,135.76939451514346
-16.191976642357023,132.27177196933013
-35.434802601729686,144.7461699401254
-19.17772689476859,130.00213687832456
-34.08405285175302,139.8455789346888
-21.400749320020733,144.88222376741396
-23.291325412534096,126.622149946324
-27.185337367382356,130.36647518000362
-23.47324183359115,119.77496655486188
-30.60625399584564,117.37246012777892
-24.354031281266778,150.66983359859395
-22.805771150218348,140.1522895829055
-22.61602080429892,115.6691849049186
-17.035797106376137,125.09000262395708
-16.594274925144397,132.04677762551955
-13.723043563006911,135.59001420274933
-31.334263054919795,141.57651986529305
-22.550552574600406,117.37211919855574
-33.739051604115666,135.76180743852535
-26.491839135278198,140.85965481606556
-31.693859231908725,135.6091025632684
-37.46315717409577,141.67576220226047
-31.190595924684416,145.06269093782606
-20.100592887052482,128.04009407667485
-31.867316693637505,127.42665109409255
-11.277195405664678,132.41433837589258
-26.30136121611189,149.9010387692054
-27.266499122041264,145.3154385516707
-12.504952569182372,131.58583738636224
-22.86021093118247,135.0806178148655
-30.36058204546421,131.14789622860025
-41.493154259736635,145.98305062325494
-19.149241809058715,128.50634260756945
-23.646003143601543,131.7095318752637
-14.307622939573559,135.1503172370045
-15.840141937533613,131.30922792524314
-21.212801129880667,122.48334445843659
-28.286690367853616,123.04621867679933
-29.331972357283654,144.78200482017854
-18.66462864894267,138.78235699110695
-22.543714068483045,123.9577992824876
-36.84507834222982,141.732788227508
-15.783649613135271,128.77109538657498
-17.70215140110604,143.4153534306347
-26.387954332282714,150.9093881122369
-34.48722326981596,118.26030949180272
-12.889011969916787,134.0735100309446
-18.72420641390582,138.44010099894373
-12.533759249697532,134.53898244077956
-22.719680716506684,125.09345101382073
-33.395625097649216,135.49725996674218
-20.878836653831545,120.26659593291487
-22.703245759237987,138.5631721378546
-31.760789786321595,137.19437008870773
-31.703553527655117,119.8470551628505
-33.50840304823159,136.13634370429162
-15.905636492341262,126.02593829951472
-26.699819517753067,140.77208070317283
-14.436755689411498,133.17585293540412
-20.382020198803048,119.53330782481686
-23.647165033839855,115.51100763433259
-24.489415126933707,115.37813014622762
-24.97934972250556,135.12367819445998
-26.933318388547267,137.08017484351774
-27.640753814080735,143.21666743294193
-25.132161546397743,119.11038213535589
-17.375824056319363,129.2133575192275
-12.408383169954117,133.59721314863674
-31.81829410598307,132.000832208228
-26.739766056914,142.22611010659256
-33.065766684747004,117.84888897633711
-26.885325875439925,137.74473666587235
-12.450430668876777,132.50733708229853
-20.08618929686687,125.24216825271297
-22.021662708306003,121.98127812280897
-34.59472512704191,117.88319579503407
-17.274468043317636,122.22993246347544
-24.891191768516794,128.84808182159702
-36.07267499270092,143.64413323508583
-11.495513054844174,132.76743094408434
-23.732904236609016,132.08375960280063
-27.650084297157846,130.0594224977572
-15.024248128623597,135.04213119704514
-16.453985939384676,136.4378348131387
-34.261588786746685,149.92184711639194
-16.072223031709708,137.19922112462316
-23.441972259272223,127.56106773991515
-24.286410268888606,123.013592490738
-22.378881072432414,123.70360025437175
-27.097173644952782,143.05030325884246
-31.632036790020255,116.58930535896013
-31.865182369670045,139.27772272599108
-32.012108348614696,119.8941597077972
-20.954493877733185,117.52204508829657
-23.012726708382772,126.16588326811718
-21.797573927226416,146.37472313803445
-13.288035090130485,142.56826664461724
-24.768126690596805,117.50961562760774
-11.675155077046789,133.13290982597132
-25.769643718349084,146.53574701037326
-18.345498324586472,145.95298623759828
-24.36653673271908,148.71590967001532
-20.80434332213952,119.7266645777127
-30.36240555051461,125.96742182860865
-25.19048707309368,125.26965225831874
-36.10371756174634,140.60801719363593
-20.893160665182215,123.7091236312992
-20.317334036871006,133.76463076124736
-16.156445469924904,133.9345086392257
-28.051536643431582,147.4297410094025
-29.739983918024137,127.15654527897482
-23.35309283989326,145.85343498536804
-34.481230276178174,147.8194848784761
-18.222799863301645,142.48749263618714
-24.978812302997536,141.65017302722876
-26.88400157535938,144.13249353111814
-15.713421337553662,130.6815651714559
-25.084338340034996,122.10569900156557
-14.71623624039201,133.63307385949958
-32.69538181541725,124.83491134442443
-15.796344137468378,136.2443440783561
-21.925473343101384,133.88118201345426
-31.835128162801887,149.17989843801166
-19.345449014969866,124.75578381440015
-18.280236287021147,131.02655951811906
-16.688639199457107,136.24581347956112
-20.97514109927723,138.55792505759035
-22.264772340731103,140.6827447390582
-23.368179964563264,135.6537213904156
-33.47991419501767,136.71260101386758
-19.294256982587257,140.01053591047054
-32.341128573936764,142.36642067738777
-14.155182362632285,129.63485928335913
-23.677964142933696,131.9387931175527
-36.859265768144816,146.9243554710494
-25.190880985778527,129.30673918326323
-19.361980536132556,126.75444803881852
-29.196043437229577,117.65054350374662
-20.3513487140931,134.11221783129852
-28.819486582866425,137.3037180055989
-33.30028034062562,151.48542904426893
-22.804141530596997,119.2692354389903
-30.636799029730795,146.6485377413047
-25.194920817274735,140.75398923037133
-28.775906956281304,120.38413875654678
-27.175359757443804,145.86067547405582
-21.835783112604,130.00890264407573
-18.58773077321923,131.69812253100713
-33.54171488542207,143.63950942264847
-23.573085317012584,133.55066712825112
-32.33142252508867,121.21549191086477
-29.67735981613268,148.0269665432874
-35.19839892361964,142.79117910999366
-20.157127475018775,142.06008754416493
-31.0644374279302,147.69902516827838
-24.70784013824306,130.80201224399954
-32.843060021977514,145.20196195150282
-32.42368689321151,150.58955587373072
-26.35042376411328,121.33957118492957
-24.71162351054865,125.50281880187016
-27.520667610237048,115.05945912305837
-18.013728187007132,126.24796753634817
-34.054750456269836,147.33365675581484
-31.14594979848539,129.49061755768372
-25.889314604775183,114.99152462914495
-27.30752823382228,139.8160627410323
-35.50497608923442,149.25986569506964
-30.16450760918712,125.7842503895601
-29.502832596074125,147.87460132636102
-29.37264995352268,121.88206436290088
-29.10241038444218,115.64155914743075
-24.416742229783814,117.27484611702268
-23.176445931653838,147.0564034971261
-25.91481534197841,125.77963660561626
-34.30147608285899,117.66642746836263
-30.680785132285887,126.08733263394865
-18.700598643781003,136.91788270124823
-29.09658450096005,152.27322172320618
-23.822177386772026,133.33202482888166
-26.39292796694594,116.45822517836528
-42.34048116724791,145.73546851176152
-16.2145954389972,124.90857514624716
-25.795755714997156,149.46956961054198
-34.04433544871952,146.43335030648458
-24.5088804858191,125.78685075681608
-21.443090652353163,124.69264804079145
-27.5125724838976,146.58034899794873
-23.868518833392336,114.55790654389529
-31.28040469066396,146.2707551259364
-28.189779833764142,153.065841561339
-34.53772151727763,142.45494902521727
-27.00699673871557,144.35407673401338
-27.15686688155192,146.7107129209134
-17.185085663509202,138.49798678965564
-23.064787083937805,123.09436060436204
-34.501926778857026,147.96667704766642
-24.73831710994008,116.39934749693215
-24.08221196042351,128.9172278742946
-14.604849320318323,130.33133990853455
-25.36912590601095,124.38817370742683
-18.012223726979524,127.22640854561446
-12.32134034372433,135.55639375779174
-26.864807503649896,140.29325035983626
-29.460555137387015,153.07132659267964
-28.30971843377076,124.08452832106478
-35.96357161088122,148.3588415115742
-33.74539304911949,116.1904081984381
-25.062782026441624,134.14812289334918
-23.02826291913967,139.38479995782112
-22.079837398589564,147.93424930706377
-28.42365711087042,151.40136196783345
-29.051867030161926,140.71541371984233
-28.44587793380275,146.71822852544184
-33.79215139317512,151.23846905348353
-23.313638537095542,130.0082288875602
-41.13887695272791,148.06311614877183
-18.86903559196089,127.76240402592843
-24.261729104834238,130.39108613534077
-18.99629593181564,125.07963006971697
-32.86620072459036,123.57420188737385
-20.56985292830422,126.06572921009962
-16.65814056892009,143.2328657037426
-21.745564477671834,146.17109356194987
-31.19122082980716,125.89942339430706
-26.35794697680464,114.45403848812694
-24.703106255619616,127.8911003866609
-25.61243631738247,132.69146162256664
-30.562164254309902,131.25743383773207
-30.01512418134636,136.8679073768747
-25.23032378723789,143.83719037092754
-30.727965123031648,148.83343003794334
-21.200921352182302,129.15120074724575
-31.348669129014787,141.58504779353296
-19.80464431985957,142.20828419030204
-30.778194437399073,132.51730295050206
-41.279438072952914,148.35491683729683
-20.744746672347745,129.4400081912904
-25.921786723864376,132.30204096463984
-35.35428264455442,145.84128169726753
-24.045436003430392,140.3617159193293
-25.980664457401065,132.36596074822438
-35.455819376437184,145.38878467038518
-34.78661969248505,139.98624842331307
-30.402382557347057,149.59739823842705
-19.049275403897134,122.9567745149317
-30.772118221597026,128.55633507534645
-23.330064966773612,118.85419044557523
-23.337889015967697,149.63726055589564
-26.31976305175971,115.16713104910086
-20.318672917246122,132.27665665464076
-19.62041704992928,145.7661260295073
-25.879461871833296,150.70166544953753
-21.078605446051114,125.63386828891981
-32.35841305720211,135.09907772420667
-19.82092229104797,128.78318152713732
-20.475278503281448,125.77650520965565
-30.57397755500642,127.52304255594862
-28.04558281130238,119.26903699450172
-31.121915925386617,130.94271823861374
-35.76816968594569,142.12857657535912
-20.205728759475303,147.3123762458034
-27.29499144665415,129.1691103163964
-16.168501349843297,142.22819762455757
-31.330917884113248,147.63657416557504
-17.783969883168886,143.66367597454928
-34.14748559493441,144.85326004919335
-38.318164916636455,146.78105549716392
-29.89434187285232,150.8267564711648
-26.847069323373425,118.47033358093171
-33.3853710115193,145.96667674224537
-27.10044977502772,142.6583201621951
-28.635291551924425,139.73060485000855
-27.498870885611908,152.94345763621044
-26.657484987889852,134.9318435680894
-29.17571714632171,134.2441236083531
-37.27586081510593,141.11921866923123
-15.525237291284078,126.89628336671063
-17.54850609630911,122.43722427420136
-29.232047928588635,128.21068333298365
-33.339445063226584,123.95231768236894
-18.81506370599485,137.86073176856942
-20.82558200571839,134.85013142346313
-28.02090622605784,119.35599478680213
-29.521551682169466,136.38553345573544
-29.890221536586154,136.5355635822596
-22.66862485595364,133.2610312334949
-24.798208850037724,134.1218072963573
-34.05312347377715,149.97379649325893
-28.68791244767904,138.70581357816266
-30.460478220691847,138.49905911761337
-20.505352687996798,138.22413466798128
-28.949155100163097,135.98344883200505
-13.31615892923763,131.48683416355627
-23.683049873458717,125.46190643823016
-38.407354227873775,143.6300536009385
-22.830149304138164,138.5487680120309
-14.212898356449724,132.36162009517992
-24.55632238483226,132.9200886089984
-29.628385254678676,152.50026243038585
-19.947072326358995,142.39054165894174
-27.53821101954533,116.8510648855189
-30.019562803310734,122.11883253917622
-35.15871894479234,141.62131687091386
-29.16015876646723,119.1535864157515
-21.673629171406724,145.88663013352186
-24.124317574582413,150.34113147748377
-33.51170157559559,141.1641504047155
-24.393167128209605,114.87179108954471
-25.699736817706025,128.7953197722434
-28.123992071880675,150.57440694981278
-35.80867535165757,147.1622109773735
-35.34998170015577,141.40871884682988
-25.312613159921014,142.04726610481936
-29.748823973320075,133.29856972699918
-33.7926568671367,139.37229309489044
-29.418907814869897,150.48075940255603
-27.90545664696739,151.51438923497898
-20.356010450898207,133.1783274876187
-20.17899532360773,124.27766871589611
-28.894618235036187,134.49293482722499
-17.454207166057213,137.22382966940867
-25.263390984027602,117.05587951091819
-31.697243877481185,116.91147908272075
-31.609309950979522,128.79630737089568
-30.87884200555152,144.04871085353662
-27.482460927965704,141.09173623054542
-19.410470624839714,142.28254221878643
-31.466661938198968,137.65799916704577
-13.415062999244807,141.93797148423386
-31.030053042179176,119.02053668318258
-13.535933524287966,131.000713790212
-38.33600345499569,143.55882807484662
-26.035399427183922,151.00327026904188
-23.99914546631154,118.4217970074295
-32.765884033658466,122.43461138554521
-29.85490359357626,151.1287951293441
-37.9262785752728,145.225127823777
-15.579940184817836,129.05150946277547
-26.246114100524174,117.51731261244272
-18.506116403568758,144.12040832531184
-22.306058701231184,143.72419095709904
-29.809906964982915,152.37097662896204
-25.091485653666563,123.79735756934866
-14.257731295100974,142.96463788488606
-23.08949522573156,137.08762409516248
-22.129628060054515,134.23048036230247
-22.031863231955636,121.53670609900409
-25.17040187516985,139.68343261781212
-13.345160154408095,132.13627523712705
-30.333106489173375,117.55385403750398
-22.095884705403474,134.29476771863145
-13.95134880697531,135.29622512116154
-34.18961392013968,150.4363729724335
-25.269905667792834,118.9411512237159
-16.443524656985442,136.08045331251472
-21.89814916469941,126.23548221679393
-33.14704950717083,146.47932291241887
-20.54171198007446,137.68805759992284
-32.319735877429174,145.16710578128158
-19.375999644514152,134.39210367617972
-20.517171612455975,118.79599030409939
-14.994733808613628,134.24741567921447
-14.677528206952125,142.75969412912337
-30.538030321870995,133.32069527977268
-32.130611019441474,152.34045147960836
-13.863550134547506,127.06534973295412
-32.80849573690759,122.8936247538688
-23.397387890004143,137.32159213348254
-22.90495029022831,132.25619682499973
-37.239536653947326,141.5824076935391
-24.09472899547175,115.81095734312814
-26.97168697422503,134.64141416863885
-27.5730641084428,129.04927061301845
-22.174427765829392,129.5410376050479
-21.592518084104967,127.61203547686401
-35.02792697503641,148.89431951792912
-17.032582279723812,132.31015066092553
-24.260206711867873,115.24158150640947
-18.940674161188653,140.78748958079976
-25.57541827231852,144.79509317422068
-26.542595261487108,147.06848000576184
-24.800385135186147,124.59497636581608
-28.67459900485801,127.80820478357326
-25.894106380861338,143.50433868945467
-36.83063493573967,147.9347023303004
-26.91782618367183,139.8993188748339
-35.44541199814911,143.8061367372168
-23.518518205746304,123.73418719093037
-28.65788492038375,129.11258436323394
-41.84716809407961,146.89337888602535
-25.858420470432428,125.0345799052003
-27.869100073716204,115.39190719350978
-24.94003187578952,151.7924850049958
-15.716812122761752,128.75290152475213
-27.51126327899855,114.19967181488768
-34.69716124346334,140.35471265236433
-29.207587199278446,144.0572908836995
-27.297563895059188,151.187917381229
-20.443470731274946,137.61557298605058
-32.57837808236573,139.74395657765365
-26.643979413503946,138.011609046264
-28.748437871715584,120.05131044639947
-30.553323891648365,129.20870249813788
-25.300053104820538,126.89923260879138
-19.91297889817218,134.02159292760348
-27.96874963851522,120.19624925797692
-41.75507704082287,146.6871969518192
-29.687454567100566,123.29584909738695
-24.62735772485301,132.37149411493397
-13.000391542324103,130.92838418819989
-30.957805845317004,148.56398454661866
-20.507043452471038,133.2571939955675
-30.436843781265573,118.7593419392703
-27.026951650749144,120.2914716695748
-21.805038594110922,130.49528283004844
-23.202060850550005,115.7835223431954
-29.795807418367254,146.09411060162196
-21.698491231529005,124.5949546565583
-18.69480730392145,136.18053738295774
-27.832622387010982,144.2355720818076
-25.909306099623628,133.73808090226515
-24.44483406598609,126.30150110050461
-18.956682583195505,127.79163948035196
-29.70224537266766,131.9496318563148
-31.172898642235115,117.85353488102123
-17.596473665321998,141.40594707012252
-31.454453951062966,142.00243559263686
-24.633901495193882,151.0526290694154
-33.506610200158086,149.0009028510181
-26.338254502057225,116.79730565444262
-25.66102835933683,113.45524552531496
-25.737633958837833,144.3675008348845
-23.609859870091558,139.59459705665523
-18.92349451125788,139.5403474682941
-29.923993686199186,131.93078718030594
-15.872101757686401,142.30414837344176
-17.031369531402405,141.97371504479355
-21.13269842859623,121.62401245432082
-31.163182907900488,116.0372079265587
-19.268712037017107,136.53959549762095
-29.072218972248475,123.37771709242332
-34.7898163854164,142.48544923653796
-28.932225507291783,124.90489589840698
-29.598573514139566,149.57446158045818
-32.12588296115163,141.1557767235779
-24.768060827433054,120.52643034383688
-24.931865581634423,150.76832591888274
-23.536660959240606,128.60208185369504
-27.852016985318375,149.90826366605864
-36.078837018985304,148.60480125824103
-34.5256193947995,135.32457484667248
-27.759266246741035,121.08503933456822
-30.284738457180282,126.92933982808584
-30.25687016334376,120.76880660169451
-15.70522874404891,125.48246150723789
-23.157985466696733,147.15013123075278
-33.69532870234069,146.9133508537932
-26.567649844989376,139.7008523269606
-25.001757342725263,135.5043268928702
-26.82789013139152,140.26324326024329
-34.332115204526325,116.05559011495777
-18.13256079935251,125.97825544418929
-21.544876257026676,116.12851356983728
-14.113789035158948,129.75108617287378
-20.6682101584018,122.82085937101674
-19.5517073897069,133.01687532223497
-33.689410584519706,117.86785825806646
-23.822055623683553,123.422731406038
-26.57908646913116,146.38740986553225
-20.48358909333542,133.78430916924543
-12.75011845620008,130.81563655214367
-25.6077546592128,121.60339658478772
-35.2369607220387,144.58063082514693
-29.20119903973103,115.8501647819299
-33.29698015928466,143.29750487782195
-35.328051127528965,143.09691355020706
-22.980486586139634,129.7267417201431
-31.449823791681887,136.34355111858537
-26.96328936048937,138.2109414883102
-23.367260062934243,136.38396926071587
-14.738070739728695,143.91545612940925
-17.218047331605245,139.00026765409947
-27.908722769711805,132.1121598744153
-25.44940121305147,116.36695352859718
-26.1155890092468,145.1810539682314
-13.880058066529664,135.3422007814948
-22.027275177788784,141.89805046822994
-31.664234681060865,126.75639723338008
-23.039747736082344,124.80593288756616
-23.89560202510268,134.56522604401076
-20.02093237143547,143.6314074813142
-24.099299506772045,121.89640225558526
-42.84945428112909,147.0549690426694
-14.57566574796369,132.3653419093229
-28.696294902209623,131.89019436226386
-32.41910571586587,135.83679930912263
-16.476342187741604,124.14798485557029
-24.91869927882778,123.88224206441484
-28.102594013915375,149.62012123505355
-15.871728734910675,132.32554489630962
-29.947817966176654,132.74607670053226
-22.115254868827517,128.3138321012871
-27.15953424912311,145.45339585505803
-17.893421896449503,132.51853524805355
-26.10712922291991,126.28166778518977
-22.175187373070028,147.31972871473016
-28.14983765608589,147.0231994645215
-23.427193818086092,130.55240065264047
-23.575496770040296,115.86129642651495
-28.84052799023535,132.15789240700462
-25.05901675677773,135.55176704452873
-20.581143246077513,118.16045728684217
-20.5340770222572,130.5813875393793
-25.42878298366436,133.7606037044173
-26.52464683971153,120.72517267113548
-29.856352239371155,141.52807725534066
-32.30904998787591,125.6716273134955
-26.748194548021097,125.76956119575264
-13.737866649746994,130.35188119889833
-32.19977963362119,142.7551427866279
-20.045815303731924,130.72182820306836
-26.13397894695852,127.67505194806466
-30.234622577825313,120.43566107568155
-21.379181571715044,116.98747377140872
-25.803687243053105,140.22732030484846
-31.397051511946067,119.92169474309503
-15.31377046115611,126.19445176667222
-24.478757672754558,114.1845324260338
-14.601142178658801,126.11695817966982
-22.694800627218452,138.86151813918534
-31.475579939335688,146.25005529227678
-23.812320266605063,126.50451669178064
-31.771937471218475,140.8072868791786
-28.035934715263412,115.18604818614078
-25.379728464811148,141.6419586144443
-30.24542857469544,116.92589296752115
-15.252928529960492,134.8778139715393
-21.95782641283791,140.66144827142986
-30.57460852926929,119.70734021247054
-19.678718936709807,122.19352476098784
-29.50479513178726,144.2142962435575
-28.798271066096245,122.43906607631573
-30.040404328450492,126.38335495128672
-38.53324548674061,146.85080996235092
-25.454965010859347,132.36502750535374
-15.274641992838891,135.31787738821836
-31.809729047440637,144.67737711195556
-29.478646512637976,135.73483247916533
-25.3358984463044,138.402986571482
-18.53001268386932,141.32527900777222
-25.05972562631446,141.09056729299098
-34.66181828845687,144.05651501666011
-24.307237837960425,141.45959638535075
-30.32946457095469,131.10484443943236
-30.784625407832394,148.4892464523995
-36.73110750991878,147.20141370384124
-23.148421736992997,146.48948360679347
-34.30965280457299,116.773642934311
-15.18139278286915,127.59312751114547
-23.362504227055666,139.86251737182835
-29.783181239235297,132.2286269198883
-18.32451979961674,143.3788755829196
-27.756199258932178,117.32811180623447
-27.274461235175213,126.34392633912725
-32.29329004710033,146.86924066629666
-25.23368957449715,142.62595416919737
-28.857560985422683,149.26926060993497
-24.343827645060067,117.46978024210026
-13.25672798520965,131.35889777383397
-26.078480147608598,124.94270790178048
-19.623783609508237,130.83259227906157
-13.5797324799688,134.23698710911202
-26.2249843455434,127.46433357136709
-34.70444474821433,118.5362711548191
-20.07450777643981,122.20670133447423
-27.696714327115934,119.36529382662415
-32.96168911834494,140.29054130198207
-41.953919368769185,147.9125379013338
-20.068741161014433,136.83396873956403
-28.280307630515523,132.02923734328652
-29.788000841842074,117.19600842457524
-32.37956662843396,140.4663694639902
-22.358616461641653,136.79418209957458
-24.289006206957993,128.92338866433477
-27.21387451220791,152.71874083404322
-23.846192865549973,145.76261573554808
-31.788829834141836,127.37616239711248
-29.853166789244728,151.3869938981346
-17.625152056849014,126.45890187787165
-25.30497470250189,150.90088840140294
-34.42088273637796,142.62521784829136
-29.337643862820585,127.89423924796233
-22.27341074558685,128.85040227688157
-20.905479107036676,121.60154327816859
-15.9844504962002,141.48243134567596
-22.59459871213533,140.0726746943245
-23.085105954765673,117.6913685034745
-22.39631119985083,147.58395284211082
-41.84888685368243,147.36089588114237
-27.67666087949182,115.32415068024395
-33.58885445113315,123.860024513819
-15.709244747525915,134.79302721908772
-31.474713451818403,131.57617357464423
-37.779355279801635,144.710363820545
-31.867506584394743,144.08542465153627
-32.580570417640345,150.4144275044404
-32.422776527786624,138.0323015568831
-23.887462874417785,135.4740957590616
-24.302789059044493,146.09433759358677
-38.390276258485365,145.20736268215794
-32.28650037558087,123.3712392036858
-28.570400600539962,134.07071471342823
-30.286476253287887,128.81155686779448
-18.27341842402759,125.65740222350442
-27.67711159717137,149.0066111185721
-38.75600547635308,143.4852165509396
-31.05497312492351,126.97345397630389
-22.638127861556853,117.43833574274042
-25.654712393918015,139.80420103403586
-27.910581533653318,135.52429822993665
-25.440309363511677,130.3408889710648
-28.963717223611805,140.15894785983045
-11.913483616860042,133.85781918798546
-32.02576151951973,152.1891071057919
-26.358676616385146,144.1194312821561
-20.00200061526427,128.72641516490043
-27.153009696426174,118.33100904850069
-19.176155855211782,134.5378361630983
-20.498669663150743,144.3022503599657
-37.83966426380602,143.0225975257905
-17.92257907047831,127.63989851802022
-27.93724024098336,144.26873212439895
-18.82005612928063,140.2558907284995
-16.664789933820316,127.50705754072749
-25.83760702194634,139.29916796031176
-19.20027152214043,141.99131575366005
-36.69587578969957,145.6929572224705
-32.87858527791735,122.91629369553766
-29.307025395482583,138.71300411101603
-26.27352075865602,124.53519120151435
-13.33812339879714,142.08217288193333
-12.90786411055404,133.27201304537067
-18.70357857119522,130.14038443400418
-21.750381269638297,115.15796273087837
-27.600010429474125,136.15204332798487
-29.26733441601047,147.18474555365577
-22.723998368861643,118.45606235817135
-30.201935521717697,119.69396082006031
-36.73900611214781,140.08482405125088
-28.15697686207977,151.89564262918893
-28.037373121934767,142.73179455899506
-18.1996126903399,126.61329297033765
-32.05749329103069,119.13950697383322
-27.16838509916782,134.46740109143383
-17.38346704116448,135.68965942452306
-27.99534229266212,128.88743031630568
-27.06388014135368,116.3651318374464
-32.41501499429424,125.18807932603596
-37.40618231992802,145.3049019582057
-20.38490981981208,146.30544566599522
-18.210780907035936,124.91254674301284
-32.393803560702196,117.96630080312225
-36.892698644787345,148.56337000502188
-27.275704035496215,148.0961444889237
-22.13301041371977,118.61441575363126
-23.227703401611993,143.52264307161363
-21.17794169999225,148.53947851842494
-25.620538607309182,140.148993671227
-30.53528334228472,115.09320430487307
-29.335180077672433,141.19963475659526
-14.548120356621471,134.88934024290464
-28.526436630131254,128.88168773237444
-25.075114550008248,135.51881326175288
-31.88119058641558,142.55790307396202
-17.181116849575947,144.23491985819817
-37.05824735151933,140.88219614578307
-14.384580925189674,135.29991400988933
-24.17707242290337,121.3742764844995
-31.033349839552073,126.95289756459455
-20.941465991240186,145.3436846613393
-30.089544134922868,130.933556547304
-16.66531732533734,141.4180399272834
-36.90207614189708,148.04044328647112
-20.32624222572022,129.43457456640377
-21.83051221832297,146.55133915511053
-26.214380783116674,148.55130084441234
-22.73176552026297,114.49050125607259
-22.8537336802768,132.66683237002368
-23.19812297392332,137.08919647154323
-26.646471508618422,124.15511130550382
-28.52934693310263,135.74731852588198
-27.590140479576885,116.14241755831262
-29.961691836392767,128.83525132860728
-22.030976814931428,116.29815613893004
-20.18564203084671,120.43273335019825
-29.863153857414247,136.08623393664627
-35.00213387630528,138.97590361574836
-24.077297485162823,148.1601636687165
-16.73725062366787,138.1442494432139
-23.589354544672425,115.8657225619859
-23.905204961506605,138.8837841261217
-30.503590956446814,127.33933960393254
-31.604690793847904,148.4103653110085
-25.28254135770232,123.95186987548556
-33.58123069233704,117.86890353502812
-13.162516392579928,142.650020623871
-12.249722129287413,142.60839904185113
-33.584278380184685,115.57816427557384
-25.898319009217392,149.5545454403253
-28.789338972656978,141.58630712989003
-25.52272275193318,126.22110708693359
-21.368632436141464,147.66134922565456
-22.382672237052724,115.87621270293309
-30.572936175140008,125.31353878486155
-28.726412934025785,146.13555835243733
-23.193038078087678,131.50680918075918
-14.571814430830464,135.5048607854097
-19.516124984038395,135.90581408129538
-23.159012870785382,141.20494780263604
-25.16094905480231,149.35213494932034
-28.542034848423626,138.1506325868826
-17.602107314216507,144.94035861576597
-12.700913746339864,142.2540132902
-33.74011213430557,144.31093684472822
-20.0793322012782,147.86746635361965
-32.829093908258315,136.69026997092158
-27.768999009896177,115.59881122146952
-28.509936787411874,136.04804856708375
-26.250305548423157,123.3659536502714
-32.79378385912936,122.26584269169956
-21.539831773793242,133.5220346738589
-22.944331537658154,130.50080951574773
-23.27702537305255,124.1012525338035
-21.873054798865628,146.30701642448315
-21.442720320208704,142.6224677700209
-41.50920057036209,148.0789023028655
-26.149475294625056,116.94423377313153
-33.61662505177591,120.73108426090617
-30.406768741759507,127.59490676916532
-28.198525699898028,153.1617411037133
-25.80537300204004,148.82657425287763
-27.280068661475692,114.41912872853796
-21.515657885603623,125.17871587900883
-31.665421049131645,140.33571990552397
-19.685090850320513,130.75257978626422
-16.348407005542903,124.12430660555371
-37.27295390806098,143.88951123507357
-27.951317513403897,137.12241950519592
-21.692493665071993,148.45701218615034
-21.675153056542435,119.778078501497
-37.421885544780714,140.11864195716439
-16.34681611039173,125.21508789039052
-29.86736907152607,140.43440632322248
-27.19788321518292,133.22968054018716
-25.370557256768127,149.80146779483715
-36.53090429889404,147.11746385656846
-28.268474076511364,134.59502954058115
-37.34587183331419,147.25001897947573
-33.95852566842721,119.27124016776197
-24.6918780477742,143.23857946783278
-13.083796910908386,136.0350969288333
-24.89511911745227,142.6142313911585
-21.492378529721098,122.6427687942134
-24.701735176550784,128.7599183350456
-13.2597598286081,135.24523870081882
-16.082221245822762,125.38614375449451
-18.831203498744877,124.82978317082402
-19.402044148724453,122.96197273257103
-27.802710908875348,146.23937476720494
-26.86827459319081,119.50959961834722
-12.91334704887392,142.95232025436383
-21.424399833040635,135.9483461425721
-16.18256072550714,130.3131937067153
-34.64504850045928,149.0304306908913
-24.641908879376622,127.76257671246879
-21.370336485790165,134.03165916237793
-23.957808636636837,142.4114594684475
-33.9464295037931,119.25254539688702
-25.816641741765295,122.8678083600733
-31.335225329575934,134.32268705524837
-19.836009580967826,139.06148800585572
-19.369991152500106,132.5043819881098
-22.75330546051599,129.05670062617486
-17.21747587010211,133.71496088563833
-25.517381221296173,118.3761633647133
-29.349901660056332,129.12072125068977
-26.235337997138696,125.99017301171969
-27.602384287528963,131.5231629943075
-24.6577039612472,140.9514227573203
-32.764903051132734,139.56943762668845
-36.294133737056484,141.87734091501645
-31.3515077268613,129.8860899471643
-17.771762688280564,145.0622063441912
-30.69096387229244,117.16058739940804
-23.74151828332911,143.80900474581424
-34.25298251352679,143.88324444502277
-32.603652159801655,150.85910113191707
-22.888972936675117,131.0702643154193
-25.321250721626374,131.46127766809371
-23.14809225181842,143.98734959395102
-28.82202187417549,122.53381212362301
-18.94058975793977,126.71001503912481
-23.57643923445267,150.18505088685674
-24.984599050768622,120.65975427548916
-35.1842408828559,146.06561278074832
-12.368362425085358,135.67926824044548
-18.583002198687204,124.83091008200566
-23.163610753810698,123.38971795540189
-24.06246817797873,134.07375440564303
-37.3901942797591,144.67972556711203
-28.279039203716955,126.3610021350062
-24.964396082384408,141.82099652907755
-28.62836797580659,138.41502299567162
-28.554281291147912,117.27331246522988
-30.094378837446747,119.3884191243258
-18.348600711873633,130.2683242496258
-29.169639295920398,143.14767707192388
-25.661031711228492,127.8157169522743
-31.000480987469434,138.14980304607363
-17.389241981529295,131.15893093962552
-30.97018265564796,121.66378378641068
-25.069860751853923,137.0906276545133
-24.900976901256584,143.51563145022718
-26.97990894520647,121.71910685296307
-21.16391324249215,122.36214683174376
-27.874151712505743,120.33388855681434
-30.126797615674796,129.84022256760758
-27.629625356850802,148.30239392650327
-24.63968628526386,124.21042078349306
-23.189231550648216,122.6700472913626
-21.880810726993563,135.54172847312273
-25.28681018381269,114.09394175522598
-26.847365008569184,151.73546125813482
-27.001221766795023,130.2844314520404
-25.073302934996526,125.19385425846899
-23.609196989987456,121.41514934826904
-23.558341807790132,140.41191533254735
-16.39302718674249,142.9021328858066
-18.11395134009242,133.47119018397203
-32.99449255549662,123.00051372326881
-43.21980108616828,146.34458655283248
-26.27333235663918,120.57065601002864
-32.572294005557744,146.72439374069967
-26.39530243960813,114.45089701192911
-26.214469825543866,130.1866392408324
-19.898034511707124,138.48918545962235
-30.20762326765282,131.48484294357323
-29.931543878097653,135.74922757959445
-13.87781731595339,141.95444671149343
-26.36761595975751,139.81599481355235
-37.489998359883955,146.91067272940862
-27.9370529952646,121.64910255135646
-21.935807107282898,114.65195380081799
-33.40868400450412,117.8647480219039
-31.187824383897144,151.24590409493226
-38.2665590645624,144.6464958392393
-25.255056666984128,124.59360606830863
-28.957590081971283,116.53541080446261
-20.597040071345454,139.68768433228522
-31.278006818256372,133.12850870759704
-14.669320575475034,132.0819434014669
-28.672765570752695,129.49536574496835
-20.637298494693912,135.330616087419
-16.86479646514557,144.83291341558606
-27.64862123997435,115.11470559249182
-29.912393726586494,123.2203209100964
-35.677020023742884,141.01272620357958
-31.44547833748086,144.71137040557278
-33.41895307369263,138.1129433843362
-31.179387106102382,127.13180149923946
-32.950310321966555,119.50079400103436
-31.079558280479173,149.3986946540941
-32.45998064464143,146.0563973839221
-17.642579275684138,137.61870215573393
-19.560547373781002,146.0936936831291
-24.78399760922973,142.46576801716853
-21.433978546703027,140.95310090731476
-26.17897091739078,148.30508478928184
-32.60994825362571,146.89131084201753
-30.58138554080567,148.18074072918253
-30.15493973209107,135.38030383800768
-24.354552548466813,139.5565126458261
-20.059305474794158,128.76071827792623
-18.749920249893158,122.92235322770921
-21.024199766757445,146.12461816799765
-23.238608597461113,113.80188051626114
-33.96008532449932,141.23156754183893
-17.65698629706039,142.16787413687547
-13.725252357662157,130.05337375571378
-22.655262216055558,126.43418467432811
-16.067364928456218,132.49241520958194
-31.84858961899588,135.9739566358422
-22.031438774949144,145.50684447569287
-30.012277860914573,122.92706955432723
-18.376459975723662,125.06337092494496
-20.95469555583185,129.7176868409165
-27.47414974960673,125.19036538129905
-31.248327558090345,137.02252557997366
-12.549322533351933,134.89151046981186
-31.09852916657671,126.53775832340736
-27.85518633848665,147.88364266383417
-28.390068669824316,133.73058300052668
-14.885261214280423,129.96774314710672
-33.79294739731961,121.16895361405655
-23.65766477171903,120.59810543326533
-23.612684813057044,128.25528395713147
-24.918618167614895,127.32909725995326
-30.744744260911528,141.48991047788647
-29.204062466573255,124.70829094434326
-15.220975315777082,125.02728633112181
-31.496225503267794,131.14034143570834
-13.630912179846383,133.101577612143
-42.08017602995344,147.2243086677124
-20.922102839984632,121.96602808989071
-29.031636289650802,129.167547053669
-26.551088952912096,120.24177128277344
-24.16875140696528,133.87972670035728
-14.974286196586085,125.26671319760207
-28.58914509434621,145.98057452879513
-21.692037176912137,115.23123251548702
-21.99391487381153,141.966306027026
-25.083061724735394,133.23178774250948
-25.464179870291126,143.91851776729033
-27.057367282729793,132.86817012717273
-34.12768813113159,143.19726165787347
-25.851700081172133,127.58562143662019
-12.584488055528528,135.8031745010876
-38.256601608293806,141.50984384572607
-26.63164206994183,149.11961277136973
-33.68618097633808,140.52830203869118
-33.525211015847965,138.47526857162302
-31.176238103443488,134.59645270905483
-41.915097521742,147.52199826037045
-23.536589599290764,148.9575851313366
-33.07729004234973,149.07567866878006
-29.091172418991334,121.62223316613664
-21.934462643699717,142.56762429527905
-27.70380944763007,125.71412833003875
-25.922931694000408,139.61764300397854
-23.397339451157908,146.9709598094584
-28.032449430794713,143.35863048562373
-16.688335349283697,135.06999997763066
-26.142022222314697,118.99101388302614
-23.532440580352826,146.18095408598066
-28.882724820984926,149.82584628397086
-25.533984588332565,143.411108406939
-21.628223727880183,128.86857127743133
-27.441427082352636,123.30812039978176
-36.1376918585497,145.25147379919613
-16.148221613465925,134.3142428657398
-13.996316068481573,132.95366678797495
-20.467646044871426,147.16749890441395
-29.219192002209326,122.68521218086754
-26.121699793645746,141.74365590478212
-31.69231711998485,152.61705207202527
-18.74564740930593,129.0061671876939
-13.735657820478046,134.67718824021054
-27.572152596922166,151.5166563205021
-24.13299243751937,150.3296994547324
-24.331325028882468,135.9150720355084
-22.565949189259552,120.45955328799917
-30.277879701129542,141.42046529267705
-33.49886851968601,140.2802547859141
-24.983587959575686,117.84750882251362
-27.637438598697713,132.27447561619095
-13.53020171360657,134.3713455983571
-35.92066339077895,147.7390177466363
-26.68293177920368,147.9996919020112
-21.600826020116713,117.39608174489632
-18.057336612904756,141.59269918550706
-23.00316483274292,120.33573057375196
-13.063153460941887,143.30428092627395
-35.76944109691101,142.30862796364832
-28.352331618479205,148.41468396417366
-38.1858275528027,145.53885111288963
-17.54771658180082,132.18184143887453
-19.012538019057207,136.46464685178833
-21.031807821337047,139.68886170096016
-14.898970987110562,133.90475731259525
-28.179172816854347,117.13433899311777
-24.775707566915585,114.65445221601286
-30.274296931079196,142.65386235470024
-35.02407971295817,150.82343345432338
-24.98878100091154,139.43864503807734
-21.37661955920698,132.7298366874169
-32.58695779464271,136.35480624329554
-23.343741055415123,150.6518390225118
-33.254196894782076,141.31806175714735
-21.743662709385543,121.934644511404
-17.473615526567364,142.44991377256216
-25.13947522541586,150.1286672044647
-22.13385740557654,125.35025745345357
-25.554854562082863,148.1569385742224
-23.133197169352957,139.17426900147538
-30.62008731452447,115.405177285004
-42.742198451541256,145.74452344828822
-31.59946375125187,140.5756050219044
-29.548705399690267,131.7050797579944
-19.173382108880972,121.72724659082903
-23.998637357820968,132.77843445376118
-15.539648041159168,143.13088402434448
-20.261255521177816,124.63712947108242
-25.382508829850362,143.46120483528242
-30.662387968056095,125.39721718929692
-20.82588772666115,142.32051886658297
-27.318615380317237,127.65573190843826
-36.32601100203411,150.08863852491774
-25.23265751217847,125.78169523685987
-31.33092388402588,131.07209276292951
-15.26683092270093,135.57330750843468
-25.95692547972246,141.60857657681993
-31.654817546012424,146.91466759482054
-19.010742574501137,135.97004228201354
-37.91268083057356,144.30753546066194
-30.35262619636226,122.52328131580948
-13.631905073762354,132.66166215021292
-25.941685458463006,116.0677663744393
-29.442053861224643,148.33898075749647
-18.229103200023633,145.97720100692956
-25.077927730488767,144.3065412078558
-26.031119616282098,132.63959817965005
-29.434744148926235,149.92632614072636
-28.06094419849128,133.1623820506865
-14.94562439397459,142.9687679075132
-17.178871158789885,133.77830939271144
-35.15020968444767,140.84885401700586
-23.12572823644726,150.0580096946371
-25.888707955300028,127.12598993647536
-21.57587258046571,129.5846905685606
-26.493532977188217,127.11888134197694
-19.135936432951073,146.12096972941742
-16.661941800578784,125.81475173916174
-11.441303309371051,142.48409544914216
-30.082368270382332,146.10493542739297
-17.58820808353679,142.45299774297752
-21.212957244368983,134.4169259086555
-16.578239095649305,124.179973003404
-17.931671509304067,125.68217125320079
-24.39386810671143,122.73054405916307
-17.20544431907134,131.56546100679248
-16.319030453758266,136.48602782370966
-31.088930691347684,123.20854784444177
-23.107886290898517,134.42507671035764
-13.992717960019487,127.19178743989481
-23.99300124446021,140.80395518448023
-29.669187157696392,141.32647774706686
-20.227867099790824,121.8330268006689
-19.09712781326288,126.68556420700158
-24.15697151682641,151.59118997156745
-20.460693638961782,117.98410844246598
-18.902350275796927,142.78746974526712
-26.122786521106047,151.23348511934654
-16.333802757156416,126.8766747136466
-38.41202646331916,142.68961141107297
-22.522365529593493,120.19505923908578
-28.223725100435644,151.35533656955403
-29.609728657785986,127.40316357428746
-22.445725769255944,127.7249146720542
-27.538986585572953,152.7171951982109
-33.138586323761295,142.5590750050054
-23.572237324456236,142.41051499608733
-28.0798956870129,124.87378642011006
-26.292249243742305,114.73281897399536
-25.6795245962997,136.25790029958773
-23.661960929398525,128.93318833396373
-24.903390466375704,136.08514123272397
-17.28329236303564,129.57395697589263
-29.55007392392294,124.23817687872234
-36.37946623833055,145.92505807236216
-22.972714978228417,134.76638077158532
-32.13357416375223,140.30576729492424
-33.352994227402945,116.06511531981958
-20.662873645806794,122.09811591868001
-13.58065972919562,129.91445717745205
-18.209094238194137,126.34592802290099
-43.30149647183029,146.01694457287113
-19.78426372246519,144.49804823398006
-29.488218594688348,131.98089383963028
-29.884417053275097,133.7191415203525
-34.95849978058022,144.55833470191993
-24.632266359014697,149.60695015418457
-22.396162276451026,121.4965384371915
-20.61105713730628,127.72688809009013
-21.32250741310807,144.4727645752031
-26.152592940058383,145.6170790393968
-20.773284899025093,137.777957740592
-32.80334376942798,139.1093832111472
-40.99763334693972,148.2702870341094
-31.70703548166425,146.9588996591686
-19.11133493718595,137.33642049289722
-14.59902055252531,130.41472504719258
-15.390255018077962,142.06173921090954
-23.028203599989837,120.17271008827727
-38.54562882358101,143.17665166394818
-11.767585386729706,142.8398601361608
-31.374041527151945,140.04564002074972
-26.57071024411237,139.24941541939145
-34.00371033743164,139.2477988826544
-19.38030435771494,127.32043500431801
-16.30926872282152,131.03814992737387
-31.19976906039279,148.89576548979545
-32.50947012391639,138.93939641062613
-18.217071026836727,125.04063665341491
-24.889104922653004,137.48312905524642
-16.291735858972086,143.6324720489671
-20.461513507548514,144.02172916778125
-20.64560779098997,141.0742965003153
-25.994290133833584,118.4905237724013
-27.429735727164772,122.08313862546139
-26.289989199958736,126.38535365767717
-30.167637486252303,137.71667150082322
-12.263733608786023,132.4322919787588
-30.126402716590917,130.65701128246826
-16.785251302407467,127.68427100263425
-35.44764601138752,144.28760786828187
-22.944720073822193,139.9469652282147
-22.841966538763177,126.20511901779493
-21.317418338471548,147.35763928712913
-17.023407778847037,129.64887743794543
-24.613898186779128,126.33353825102975
-17.927985210189092,135.68806391185709
-27.266859968892838,134.05228251777254
-20.091739282082752,123.64938528066222
-20.652789984857844,118.9832872863426
-22.03565607820348,129.52190930008848
-19.04257689426027,145.40635025277282
-30.01356551824142,115.01375357880184
-20.899792636019136,140.480109629204
-24.913296497983165,117.97228896228462
-27.93301213381695,116.89561499047595
-22.157103302099166,117.9659548760513
-29.945832782754206,140.776628406917
-33.19885872261395,120.81428453434802
-30.7106862975682,118.25009811862816
-34.57147443716198,117.90861809447813
-38.591698483395234,143.57534298410462
-31.44200290882315,140.14054543772733
-29.476475818708096,116.42377239403437
-27.226648468484427,129.05849855386217
-34.52245593413489,139.26817777181648
-30.844961762978507,136.78482062340598
-18.969286907085493,127.81762207216504
-29.09166538800892,116.77526823964202
-17.543294321844606,141.47844665376417
-30.913772943865666,150.04816634195797
-33.415371839170724,118.27517507201475
-24.090325315742124,126.94882704781135
-36.669117948429815,146.27757199311213
-24.861530776414916,121.03708210081963
-33.12827825775169,116.13200340260339
-30.940762638974356,135.9163573924991
-31.813239927033763,139.10323061493955
-36.17937664114226,144.00522980254885
-24.30800682636913,122.1379325430959
-24.75131498150675,149.36036997176012
-27.542075297213096,135.75244879963543
-21.226124164191788,116.02525826162918
-41.780705564541165,148.19310649497734
-18.374867224761832,130.37537044727287
-28.32694795771733,141.35485665465234
-24.513521351589954,131.14527112072602
-15.58891471545402,144.54235290106263
-27.851216262485504,116.77879444111667
-33.291279992356124,147.12970591635641
-14.298121179948883,130.50378439022012
-13.78986976537491,134.01595056670334
-31.877324752811152,147.18288888706303
-15.895678522713744,143.3363710756231
-28.682592728656637,121.1945322867387
-21.382934480193686,118.40823095080994
-24.970813527519674,114.26922879790877
-20.857677293006873,137.0178495021852
-31.902076790632563,141.65337540089735
-21.85256731780437,130.14410554948796
-26.336779628715007,117.42063662827181
-29.79990312330507,144.44518759038192
-15.352389479185067,127.96538183133065
-26.348848363533023,117.14225708191154
-21.440441681680372,136.01319815868442
-28.769217150627675,134.2228516867595
-31.30791720151685,144.74802582760844
-33.877709601982474,144.63894907067478
-32.70412812809082,140.6338364822621
-31.8454740953645,149.49138842207063
-28.500827448118482,116.06973459248505
-29.503662051512062,143.64584163998228
-25.742175509301468,133.50593664263306
-26.412998907202905,134.016400177728
-30.80588521655174,134.49726591495292
-23.334739269922114,133.76390945372844
-28.50671141614113,144.11452738381848
-22.10549877703966,127.8847220075205
-22.88257120819964,114.03129607163338
-21.06923522800265,147.02843202559814
-36.234008938065834,145.95777258250519
-21.237044976252665,129.5011222199583
-27.841920025842036,152.85044776775973
-21.16394040224587,146.3219474258374
-32.018143663608676,147.57545035552803
-28.514602873204034,151.46972058582207
-22.82163749505183,120.63831328380203
-30.580812715705797,135.3209871413547
-26.32706636106881,127.00849084925707
-25.795975117239887,125.83499200566906
-18.26307161552422,141.40676204638294
-11.833666599862504,132.7118041116053
-22.895798834840775,125.75205855485132
-16.57118935936659,124.25793291031364
-24.943577758252395,145.4117554355741
-24.525478471608658,127.86996293467126
-25.998668909624442,135.37074962315245
-29.284345753763375,116.56758088834168
-25.42071379641128,121.51004808617371
-32.590857778744216,143.5062974298782
-25.189755202846243,127.53818615901342
-26.758325201064356,146.94773624161272
-30.24926595498107,136.1584793206353
-30.749093195673485,125.02833648590129
-31.812495126508786,128.55309802018203
-25.738999335095343,122.1693480316487
-24.862420505079186,141.6408350384271
-22.028474038699628,115.32336705201192
-23.838320586150413,137.51475363198472
-21.054185141495957,120.3114494178725
-24.877713781550405,129.84571982501774
-32.94240522420714,147.35503041384547
-12.167235891696869,134.71779423249518
-28.7703357605239,134.7608965503305
-24.99952558258175,150.21458860099108
-27.878735138262915,141.60677743989802
-19.25677846094159,124.66913000709826
-26.619096126026676,122.16175148596895
-22.8581244411649,145.95871925221883
-32.68418995609813,120.01952735911168
-26.544983579643212,115.55703755892853
-31.18265658916919,117.28205638416452
-30.058347887128576,150.48575151613932
-23.718500562955448,123.51949556891616
-29.890875477734546,127.68113382524994
-22.72992561031978,144.01176727354667
-29.809663837247015,136.66807486273936
-25.16176279080282,117.10115446053537
-27.198285937112455,129.90101682388269
-22.957480957539786,142.5171616278913
-26.852002630743264,147.06248014377869
-37.94293163503166,141.8210851090418
-18.46510181758375,140.81049221368264
-31.3970212380423,141.21053574438187
-36.01905248914422,146.362050195097
-24.882940775600375,145.67644916131502
-27.864023352333568,126.30975844302718
-21.580740577261395,130.81371326432532
-15.48353114581204,134.61360307441808
-29.449668899748225,116.53815517383468
-15.848575641600444,136.29102394299886
-20.749178174142873,146.862440388863
-28.071909627669527,153.3440850775346
-32.97991439484078,143.46420403752552
-33.74952071076363,136.84883284082565
-28.384233078149748,139.17758689897556
-41.980676743399776,147.98558868636752
-28.512103294325968,130.99085894041417
-34.031163603685044,144.79475282873167
-24.157837345414492,131.6692992337941
-20.96011790438032,133.75061401299564
-32.81808253259349,134.82379208146602
-20.73253239080906,145.01793150621805
-33.90496125201618,118.09874381538482
-30.753646700040555,115.8631039868526
-21.312318198173134,143.64905705362014
-14.187225475133758,127.3773521274599
-23.433070982160512,135.9742277885005
-24.502912016980883,143.08634286686166
-23.68071132629919,142.5331237583008
-36.44690589169073,143.1665020280131
-28.408235646176593,146.9710375119762
-37.80294395286723,144.26102236480105
-28.32272905921299,136.02253446255563
-24.743909675998328,116.74613793765799
-30.40292193288,140.61173440360014
-31.734707896240575,135.82282916446906
-23.68043614562429,135.00031244069788
-28.47215812764226,121.06998481344112
-21.268326691456224,145.1532389130812
-16.245012561459895,131.65224147579107
-19.619355699996753,124.82082850998108
-28.07300822439285,138.00778153441112
-25.187181005327144,125.59665010980216
-28.129465126486945,145.67093018224352
-22.131496270311533,128.71604446631662
-31.88708098737097,124.36972549751265
-16.71828961953534,128.12020127654262
-27.150184896416988,136.2552048322839
-25.020477085734452,123.63266657703998
-27.59313776844654,123.37254514770807
-37.12040711806063,142.08934868926468
-22.701012455248573,123.3323897559575
-33.14676988458956,135.2705491372005
-26.57608509695545,119.52109323881626
-19.310240025821933,123.68809405264547
-25.778361749776067,151.03446406576103
-19.100599836350383,125.78024725136629
-18.80474413607464,132.85065217175188
-28.322318273270323,116.40133979100382
-29.914395261316116,115.90790496428761
-26.61679855219994,116.47696009361599
-27.452971246866866,121.64049284521104
-35.33848670075271,140.81742543368358
-21.48126864520162,142.4724088461538
-27.254315814876822,143.2716454884557
-35.54502748900646,143.82661574410554
-31.489589601767985,143.75069368214966
-26.197135930180483,150.69298079389486
-31.74383295935963,122.18383179269665
-20.36477507517316,128.29595937243957
-29.546779385074878,139.21799538533614
-24.601093975616223,131.78251347279695
-22.466343686226857,134.9053750650041
-21.73677896251846,132.86956365546047
-30.050788231985806,150.42134040342103
-17.87860479317791,139.28805117868367
-10.974323761934272,142.3252171720332
-31.992082912447785,139.32556469090142
-25.61639173658147,131.96965100623177
-27.152243018474792,147.0127903653404
-18.493740298186562,123.37196310016982
-30.41376104854531,133.63008435379288
-16.65211374791233,129.71498049216876
-30.59366870901068,127.6315542575706
-26.166726537642397,138.8395393802218
-19.392288752902076,138.2348134417262
-30.932576503441226,116.06988835301173
-24.464898772728176,143.0932400990464
-27.885667283742187,147.80289478468822
-22.36889398364814,124.54901191501602
-20.326600471496672,134.415779469441
-20.02526258889088,139.71392795859376
-33.086562145053364,116.4343246504469
-33.893459468866425,140.30383345952865
-30.9985078959054,137.57812139211208
-23.852912053745822,141.14017083645555
-33.29351978329831,140.92752399020424
-38.15697377263909,146.5792561650744
-26.860755038238818,143.30449846496978
-16.47691260914497,137.29359690790943
-26.7231180564503,115.86675200213087
-28.155603179583885,118.68664362554493
-23.750692976061465,124.13322808426135
-33.254478157912416,123.08734137033078
-28.897177562025952,126.98440564295258
-30.023406146921733,129.50193760675236
-29.34677016400593,130.98608301320806
-19.0440729531566,135.3427149672173
-20.805000373977066,138.69533871061867
-21.41750341041293,139.74480918749708
-28.46076531093941,119.91440577475804
-22.067096954702397,133.75549428584105
-28.094817307653045,136.3809433806126
-16.321585109494684,128.99592374616262
-25.079513882551943,122.22900843399518
-24.93474421790217,130.47313714511577
-26.021949782257668,135.1273558189324
-26.741463693219323,119.22511898295993
-22.45057824182987,135.18175984764883
-25.23323794793137,139.92785189974398
-35.74477520028718,144.94776377759553
-27.285165401948134,127.2883951646557
-19.78145626376081,122.89186771571573
-28.452977596786244,134.02468266037056
-30.361961492349113,152.77980764093275
-32.95762655285337,118.24143934743088
-19.59682605922074,127.77646995443597
-25.864487386765088,117.7233099632022
-23.65987119958471,144.17286880288054
-29.382924610698964,138.8771940888015
-30.44894095412895,137.90164536152412
-16.079271537080302,143.12077806885952
-27.676196347829347,128.25178934706844
-22.52160192732058,139.89040746139426
-41.21643990676282,144.9518673887125
-34.04011921756717,139.26345108324875
-24.404319335296456,148.0641268740187
-13.70761827780142,141.48145374938414
-24.63335720726645,131.8314967880528
-18.325256758565004,128.09759424270257
-29.136503433605554,146.85759267586673
-36.285413783120646,140.64597127092551
-32.91522908478761,141.3975802616154
-25.163296615385406,123.53277659089892
-17.474954856341537,134.32878701303392
-27.973662243852573,132.20788946148298
-17.473542479810504,123.6710947412082
-27.000988625759128,147.35563869114884
-31.41607274011802,127.08200440436025
-23.515366852250224,133.65168864279892
-20.968215340748056,122.16652686015
-25.912129693505687,135.554156367136
-30.88692953225715,120.24303186518986
-21.665777842446733,124.64935390810159
-22.43967742421766,116.14172451054738
-25.206688481080125,137.3687126134795
-13.514765101155074,142.93163122527872
-22.317425312144927,119.6069014169301
-14.695371107455706,131.8092070198646
-29.740767416246552,142.70734241781162
-20.719393127260396,120.80725970996626
-32.26381773517895,135.5785309890666
-18.391307119273417,143.53443724561654
-41.60783874914902,145.48107255741633
-17.84685279124497,130.654055596045
-42.92055399367306,147.069069293053
-29.065086270446677,135.39348432706302
-27.020725948525783,116.17033097022653
-24.53762038757516,125.15451882468581
-33.47099732571259,136.03504203181856
-33.385990600949924,150.9237713776232
-16.43532648976376,132.0864132095569
-34.41491642424812,149.8298619382943
-28.837325191601394,131.5547412050649
-29.724028896814634,152.70975486349826
-21.911468604397278,130.9185227757262
-20.561361014241857,130.883486381649
-37.354824166693454,145.20667882991054
-20.349248234868508,126.98743859509028
-42.017725127175545,146.80250243512072
-24.17785884216264,114.37644112248131
-22.90538707941979,138.66162860933176
-23.475327141410087,150.6503405672971
-28.51938626243679,145.3934585805967
-21.900055317338143,133.6472273641588
-22.602016649515125,119.53722395898168
-30.94703761089202,122.73923190703196
-20.92320320078529,117.67234877895933
-30.31376806880694,151.4280426442022
-26.926897693410375,119.76066373723322
-27.915575760917033,145.30673643077282
-19.37169086693818,121.43211130822904
-21.14671671883634,137.9363376114736
-25.239931530372903,125.78709349156325
-31.871347167446597,145.80883339311214
-19.252955182646538,139.46452650041817
-28.9860740952996,117.41240231443426
-20.526010973924897,130.82222625671545
-33.13021033860618,150.6699803200902
-27.829794531494297,133.38252919853895
-20.148412663549294,123.38641927247923
-28.343840428964032,142.39426120243354
-28.326332718826357,150.15590743395273
-33.98708228505552,119.41201870811959
-31.24205338996257,125.52317202533763
-35.095078601484516,143.2308810408571
-20.41573407610944,144.21425694847645
-29.391323073694196,139.15696344283933
-25.18976860025352,119.43737504114958
-13.524462232120847,135.3990110475243
-32.035111664298725,116.12336093137789
-31.296427477510544,150.27331520139802
-33.24080008810853,123.24465044799813
-28.58506803099293,141.10241458055054
-38.079752989009215,145.15447994615582
-31.437806205853306,128.00589940443365
-26.216906515149944,115.90610984119125
-28.054378622662476,139.10767759100486
-21.64495001806157,143.80581642311293
-24.805121398397514,139.54867514596225
-15.056674654714868,125.24215181763032
-22.521197156025885,125.76754367462132
-18.423089431248425,144.68398555659618
-30.067216750753897,116.26850659204204
-31.34636862432213,116.88686823489557
-34.684532306860596,143.31438728082784
-19.061919243180522,142.37020190062464
-21.986805939287525,115.60471049481163
-33.260790283960716,119.17321171579474
-12.235990809558785,135.18397968061834
-33.751044447332035,138.71385680709756
-12.647070430413613,131.41295094146213
-26.86560855696301,149.85575282363757
-28.99300045816388,123.39830019330951
-36.7899085288418,146.56765269426944
-23.360689305295015,147.0389099828727
-31.682075286724533,135.50040618455827
-21.91156609327696,141.21633199987906
-23.39088319208784,118.03297431507956
-23.49379162171605,123.40928226844827
-33.679491509463666,138.53538880197166
-28.80664228201139,115.86047825366813
-41.91872934859826,147.42663417709647
-27.667095314427815,133.1353494144101
-24.78801751452753,145.5145990617438
-34.379606019600075,140.8089304050979
-34.89329832565794,149.88260586143434
-17.751082997714718,137.2284715598804
-12.370354960661679,132.47012463038956
-22.54872588908108,133.3444232275579
-28.29023350417559,124.59077053486507
-13.545122906628599,132.2384449321823
-25.774659969388658,127.57806446588734
-23.746399992727838,127.65018638348737
-12.989865034326503,130.54116646909029
-22.00022219128058,118.80346793943744
-11.681327054414815,142.29635935769693
-23.31096373060132,129.66001213806913
-33.11887402954734,134.35189415519673
-21.473781546463716,139.25406087504456
-22.822271549714575,146.33797890066265
-22.304230978254143,149.21175449361098
-23.102996864106956,139.23438897406157
-36.87854699629138,143.3792537600681
-19.048825046614787,131.93244276128954
-29.644191714442787,121.99782571463015
-23.868416267988025,148.53897994246947
-34.24003162299904,115.83183951081922
-15.941740436811806,145.02157406172765
-23.91285129673392,146.24693329458165
-33.786037448087136,138.75086381052247
-26.862710909191694,139.91422467027692
-33.073454476605384,145.3211399490671
-11.811446984762483,142.15560882823408
-18.670462307948434,121.82273673894449
-16.1965521094888,125.52732568150793
-29.386080456838442,127.56317453416274
-20.2528980902436,144.93686219750907
-17.950733492096585,141.50549685836933
-19.85211228515253,122.6702462245382
-23.412424176754914,150.8334019608364
-22.79076153793847,127.23709062100697
-32.4622996975805,121.87438714433493
-28.641728971208234,151.73269871458638
-20.298843885565834,119.19294336246332
-18.20823790965583,139.60470396533412
-19.977255448564453,139.98294254345558
-30.952911346576474,123.03460084787633
-30.108054909323165,145.31344389892436
-35.490711296728335,148.4553144064052
-19.223363499006354,125.90451408452088
-24.927763956408224,137.21749700852274
-22.256893909734963,117.17525333949199
-25.220116537065344,142.57646919179717
-14.981610704199866,130.26486604021903
-20.658275834213175,121.99024966931803
-21.07797038348878,121.78959052388161
-16.431971964507092,134.3272753818512
-25.90560010667845,149.29911668102537
-34.00504845275073,138.04982366506013
-33.979347972824755,117.97013190100265
-12.505872749892397,136.55196911600672
-26.605138823918264,130.066193470337
-15.570998553272037,133.5091173559242
-16.12495297381471,144.74519330526414
-22.40069807615019,115.11993215862587
-21.3092144827594,134.76397651754183
-24.25829384431535,117.93622324652836
-31.13967094780252,129.11548614635015
-32.68512827376913,143.87704036510513
-37.59542986335286,146.0788307378179
-20.812196521510767,139.26571306703752
-19.968367706676403,125.33740562788748
-25.150428067597087,118.0387248853176
-14.615259452607361,130.5554949896801
-17.99711156170985,133.40150600286154
-16.401788255390578,125.82184428044604
-26.994190116471884,152.33873516430987
-29.072448321098463,115.69734661503836
-32.84748339980159,116.91211542708443
-30.008719077828893,140.34355380912655
-35.71973885022433,150.25759151448278
-36.298430440022926,143.4526018869758
-16.213223770039008,136.18915850820935
-22.475351981131283,118.78562141546243
-23.279566457581314,119.68193549820568
-20.60302179063706,126.4619350819784
-31.393301304723806,147.36191313052922
-19.332783824732857,134.89433160277633
-17.54535579557116,137.10626595855362
-20.310525053048703,145.66281789492976
-26.031797750442898,143.88709263106324
-31.630541700333303,133.90806765516191
-26.90170112595678,119.32824802934545
-20.36736741195003,128.15560404906464
-28.650459245668873,132.60961581011418
-15.767170709046312,134.77002308199803
-26.89129716185766,146.35318607284924
-26.528476137655215,141.13514761865207
-32.847614796059055,148.75435356375192
-18.566132453738298,131.16612241926433
-29.69921406536748,127.54470758693255
-16.288744012161164,127.27974111208071
-33.616308311653576,119.0972639180718
-18.583948396940478,138.02869393135586
-25.509374265552474,118.40857312003445
-26.802518169435483,134.87857431234193
-13.056644397700865,132.9631551804932
-30.525278416678702,140.37617003777882
-20.970029651552657,127.92175819046572
-31.502875306883254,138.3551833238805
-27.540106495664304,136.41613405199016
-12.21478043920397,135.32373893276372
-24.81851341892019,150.66053830532053
-29.750951235859944,131.05011337465157
-23.61792784038355,139.16832549387783
-32.231927894171385,115.98665995477262
-37.442272373344814,146.89421551811637
-24.242830162773156,140.69553910759876
-26.932822646967406,129.32164411526864
-28.88657405104273,127.65120049778092
-26.83629234644274,124.06759612146989
-29.214847828293486,126.31149847186914
-25.906767123004624,125.12014077113444
-17.85713164981617,141.0061026197473
-21.12439956874934,144.9067846696596
-25.26641687687504,130.51232678835262
-20.08426744124319,121.18946520953486
-19.30760041345153,139.312151944905
-31.79242868977549,136.93777274035105
-35.058410135986044,147.51129730075922
-34.07348507408159,148.434650465166
-11.458024117912387,142.60061899981946
-24.482346506892387,119.41225160063648
-29.30546168953098,148.14104841645008
-24.28117949854437,133.5182594631837
-19.9204674244252,133.46300202422546
-24.760076298504952,147.54669928217473
-22.950586555530823,146.64454546950722
-23.663915085767286,123.8579487014532
-37.61487802331929,143.73674901828883
-22.37285907105018,147.0624912613859
-32.07857256183155,147.1720003833651
-22.85404596058145,131.0424263502017
-26.93218818807565,136.35454240038277
-27.719210359562474,134.99568531284456
-26.18953217182558,119.09837878189794
-32.111470891050615,118.19026705528564
-22.080106096639028,134.5911346914736
-24.874058943104448,115.74438440765486
-31.083055799978354,134.55905804111651
-20.840979616471394,143.98284090672917
-27.832130685632386,115.72632685213918
-15.865138893471705,143.79829803602814
-31.159260996934705,144.93054001041372
-22.04005477565087,135.9693615827363
-26.95476511874081,127.27859938718112
-21.184584135137207,132.26238717471998
-24.401959067654396,144.70740677959142
-28.80175079126628,115.21485815002126
-25.233532797071124,141.5781576710455
-28.08086792732889,116.62541421309427
-21.303561537111555,134.44465035471086
-29.91515405891705,137.32034917115237
-21.815882357576314,145.25496894990863
-29.6355493125101,151.66381534918395
-16.0734076713344,127.40150087384195
-35.80398838474339,144.70077573339435
-23.60999871618477,133.57492542939806
-16.201989508076245,141.9450395730439
-30.195377967993274,116.4295446661998
-29.01967315386713,146.80822594242196
-29.503141882689196,120.39075563953598
-37.4388525967598,143.70803997832658
-31.327483787418863,129.26894326358615
-34.463254519982605,149.02101351032337
-25.756889395657236,152.54690156443417
-32.36417853736259,120.08411129746551
-24.910014943912856,135.63048875869626
-33.23816974200318,148.95791151796126
-26.90204330372714,141.3711827707826
-17.196518473606268,131.99555346875295
-37.38808605163513,149.86628869738212
-32.68711449952701,149.5196425304201
-29.62418076077033,116.48674112973804
-21.030499105962207,124.14386919792659
-17.831492283611624,132.49050460187254
-31.83580964014154,132.22670357354602
-18.0074468876125,136.2991600711936
-27.560447844492526,146.7835997517996
-23.310390747316227,137.57687027030974
-22.730226517744757,136.50516858617087
-26.39536051018798,135.20764778545475
-33.10899644759985,151.55904416068375
-18.921645036278274,121.75159972970728
-30.613294492361334,139.77883410275246
-30.75387360233016,152.25190410510376
-16.00314603702622,131.30833060836198
-31.34358566138849,139.02482719040307
-23.091557783593665,137.1131694465234
-37.5071070027863,143.8650462596794
-24.000396519106374,149.79308055068708
-26.56001727192347,130.42719147627548
-16.786478663829847,127.93502057209649
-14.987454661181939,134.22549135339722
-37.65679288705868,144.45111171598882
-22.89721363608721,117.33416539928541
-14.069832754332268,141.6653918321206
-28.340035564969156,128.41403410435763
-20.781652319449357,136.00226884861615
-37.5155935799585,148.60994644842668
-25.438996024784313,126.89215401076942
-23.248812273004702,126.04091423849103
-30.309146519007346,132.62256805955727
-30.492815491638208,125.34620002474183
-30.401594771440713,142.35325349008335
-33.615180310905345,121.1422383889034
-26.343946088298182,127.4051388819911
-26.301479677168974,119.22519374642893
-29.140175887330376,135.46998981128846
-28.029208534273902,147.98201299967394
-32.387806953032374,148.45923147547427
-33.76528360649193,149.3558066213594
-21.235897148125236,134.37103269427615
-37.308953537998576,149.20261815715926
-37.06436503269205,143.23618146943835
-21.478863764687592,144.80523507715134
-33.7141597208385,115.54685999677108
-16.811268599418852,132.57728720155393
-21.588769863277193,119.37353151099967
-26.543317173444365,136.7532630398003
-27.636469128740554,131.79806108217508
-22.954976855035135,142.40034171826525
-30.28451316147719,149.4989499073494
-29.120096603642047,137.10405245259722
-32.77833765227845,124.86718496202774
-29.7761593734582,118.37444171597639
-19.06423485237413,145.93198271891646
-22.835582673617775,131.73206889187725
-19.578073727764934,139.2169151920183
-20.704957565690357,133.6819414826443
-20.944269342014522,132.11446728010634
-27.616781670733634,116.62317270615151
-34.279680343263834,146.09944892962227
-32.11690394769072,149.27969809821747
-32.90034280785183,140.59677229663936
-26.84685162548705,149.00684221059603
-12.971180966537283,136.52121477729213
-22.925371901513817,139.08028306940784
-30.149141946831435,127.0712063367981
-34.64206793824133,135.56578904715013
-19.78056818892993,124.52514063959356
-30.611922117799438,145.19056539436838
-30.271019146630714,151.0176799727702
-32.34437875821097,140.72672308139718
-15.773180373114794,128.22639714603469
-30.048683446690937,149.11161157140808
-31.971437526947636,139.23619916220554
-27.30333112976187,146.0285849022435
-27.19932030379362,137.2768050178765
-31.399856465985028,142.7563362805576
-29.658188631325544,118.07302778594223
-27.005035650965134,116.47133989106183
-21.38071604240689,120.86002571964657
-24.30518726778701,141.12465765148036
-29.93925860452914,115.96152892070974
-12.304188440585769,132.6832355392363
-30.391173687491776,141.4843700265703
-22.000530284230415,149.19484344753786
-17.224948990254653,145.37412959238904
-13.118885419714232,131.46275531018574
-25.91779739576337,131.85672964076417
-21.623748750763898,130.53792567219222
-31.365776152158336,117.31469986415176
-22.545746725754213,147.78157856537342
-34.52800384916038,148.92517935086272
-32.50852033402519,135.74960408701418
-37.24745562011742,144.72182075350366
-15.670365669785681,132.35920226295434
-20.73464677922953,147.34788234451037
-17.164940164820482,129.9349728407409
-28.02149416902442,144.94019568766214
-21.167304707559445,130.376750269273
-29.687870778630604,141.2333825586132
-37.32736205675061,146.3817376748427
-13.321208833800181,135.01892247090706
-24.093930709295023,128.0255966649094
-23.815576837114776,133.29051128844944
-33.97709439957302,138.26580618691776
-27.016653115208406,136.42866802977153
-26.67925414725061,132.48794154801266
-24.333351463860243,135.09853373371553
-28.014640768430922,136.66730888824742
-19.535301339303157,147.46026087296426
-25.23101090527439,145.74332926811587
-21.712719837373186,133.45958474528163
-32.28613296948903,141.3679918049199
-24.46366215492919,131.71770508111416
-24.633234918048128,115.26842938076209
-26.347891705874456,119.86510575648714
-32.456385766336666,139.19020637114176
-25.937605152254015,129.069673018082
-37.41864558676568,149.61750936523225
-30.706190214105376,127.33424119427403
-26.725267866989338,121.05620129963881
-32.997221612368776,141.2675150392938
-27.94368288723962,116.21029812461195
-31.756734975394657,119.43238900024902
-32.875179855934675,121.60763571228614
-18.41777909468167,124.51132955481035
-26.008401774860257,127.33941719564527
-31.603532306842332,129.8084088666346
-23.83193706668714,121.3615236872447
-15.897087383445207,135.11442268505598
-23.748360566057368,117.99089992580964
-37.60707112074371,142.25116187705495
-25.477853406059054,137.95573050318643
-30.415607380041905,146.2424066265291
-23.002663145640547,144.55639474955387
-14.893946956570982,129.43000380044754
-16.527343968100606,136.52800167906074
-16.378366072614615,127.45414896656052
-34.957472077516016,116.92715995946314
-17.05869183817894,126.76161225673835
-23.357695142552508,113.90887201512895
-33.474129182211115,151.15679417541708
-17.792108782253507,139.4640210098222
-22.584450486075948,145.92600841117886
-33.38634869172683,146.545295191197
-22.120700458855445,135.45311502626134
-20.763660887650033,116.9371128705906
-35.157589624759815,143.7852713046392
-23.00050569292538,135.68320661126538
-33.70298429884615,142.20341190416912
-30.143325315716744,143.58228776959763
-16.604675950211725,126.03814769888878
-25.8393275329188,150.2859386978224
-20.787157253328242,134.718761480313
-33.52828892973245,146.98195571761295
-26.476421027097523,149.1223005600462
-32.360993529254536,133.91215192199266
-24.113008302392682,118.03626910644216
-18.173133596365894,126.56180467845013
-22.322887106717697,115.27028690242703
-22.51452411291183,114.17710692630281
-23.160226659971958,145.62733293226063
-26.99441655775333,147.35753106167826
-16.70431992121708,126.63062384620635
-27.290366938259265,117.11480635224264
-24.473880106344225,143.62556272770377
-27.699306385179796,146.2123616403067
-26.774912481272565,139.46587196017612
-22.02054766830212,121.71112089710076
-28.995756794254447,147.161114316563
-27.30698820245976,127.45651730652665
-28.160646650242963,114.60167673842898
-22.584835395767627,146.99967157279085
-27.605947557213035,135.21673217138832
-28.894849409571492,145.40242604581965
-17.791075142227484,140.81329782241625
-17.582747651666374,130.4123589305188
-33.41366820946857,146.08483826808356
-26.087856057920906,147.6780381073822
-26.97852331012847,144.57682765197092
-17.524711498440407,127.87633335283515
-29.9172651735028,143.60434516294765
-23.662198245615063,144.56730446582918
-30.925906466932645,139.8566537851557
-21.133993841352584,128.5313592495719
-25.743265648778507,125.66282013571168
-20.962963593356974,147.21874819281527
-34.94811580645829,142.63766191777339
-35.45108910566061,143.0870160501367
-32.0814530892865,142.99367596015423
-31.48858930887031,133.99384985760304
-23.399697238252056,123.68576449717266
-28.653250024043636,130.10179655804896
-34.01388857652198,118.45964862212996
-30.617958338767316,135.38909201388887
-24.029286933141787,150.34334533314862
-17.437121667195935,127.07603607923457
-29.056251607319997,127.02506055683165
-24.75964488094564,119.43125485257961
-23.39564514289826,147.5733481721805
-20.997701691113868,141.5679127161807
-19.194912908241204,125.76486247951455
-22.43285458601699,137.73868843353287
-30.22842388246285,147.3713680979875
-12.883171631203407,143.31924991043056
-17.697797676142276,142.69439800216173
-23.065222268157953,138.05989976971915
-23.825817085692684,148.97774460494514
-31.9551787411981,125.33330708979975
-28.424787920735056,139.6048267349183
-29.055875689103246,137.42159110550963
-24.461894908147585,117.92062131587653
-28.205175471394835,124.7471430935199
-34.125121418179994,116.00149740738757
-34.421826187631105,116.08400044852645
-29.39969735339812,125.08617514636875
-30.847999656892615,152.54358135855165
-34.839024679908,144.57214286326018
-32.32646948821751,116.84566977620712
-30.663699904514246,132.4160394296802
-29.610490655487737,130.2846023940009
-29.328789045942834,146.49894149351664
-27.922163249411213,125.26719636894629
-20.248441327647207,140.18694308037522
-30.815777629983735,132.64118246955655
-19.375961077632077,143.2780954979719
-31.148181161059547,117.43470912510183
-27.196413652798878,124.60495753799039
-22.651901303577507,139.57957270671918
-25.835805746054792,149.45820561580751
-33.43337004437209,141.17068495745005
-20.550929410721874,139.1137458808705
-18.61372559044006,126.23342426283732
-31.86244871571786,126.77834516398627
-20.324522545064138,124.10706204968497
-13.373588493201375,134.43665212073813
-26.52124151227919,127.73415987458738
-30.27655487588902,130.84893480747823
-26.096386337493694,152.92022845852196
-25.920298795917034,117.87340728577125
-27.24136516303719,119.05456805132293
-33.66845575485473,150.9735102768892
-28.624002897779558,138.54074485613228
-42.24296468479501,146.90676759960172
-22.60270941924166,122.57747182732912
-16.168646511026083,131.52169865441223
-33.616478990533146,150.79670591174897
-22.302763540622703,121.98739798874686
-15.0682865006493,127.65635958446856
-26.591878080317443,140.57989226779313
-36.31828153243189,142.41589738926257
-28.547296878960996,133.53222404381165
-16.838415655471472,125.9090140452423
-22.964955784695857,136.60989253197022
-18.192150968237634,138.67361719282349
-28.411402058239815,147.237939758999
-17.75154685569453,135.4538867534686
-24.39272967930787,137.1022804799612
-11.835918934097442,142.0330960334025
-21.440437679226314,118.50052811748789
-23.679728368046405,144.7646524137679
-18.159101229460774,131.32270927412418
-22.77313043228651,148.21086716332744
-16.93402232621651,127.5938397921775
-27.309469316693313,129.7334266068465
-18.21719835272463,128.52893174311478
-20.755106766917464,121.79676832925891
-25.283327742111627,121.49387245632036
-25.390869719281408,148.1874338221363
-24.395835124892443,119.64940235950925
-15.920428635055679,131.17558290799855
-42.97693572520629,146.37839898238997
-17.249785738735994,130.1552545619639
-17.711224668910535,129.39114891158513
-29.79905480114094,117.02885100514888
-33.14678708202122,148.63075417254467
-17.097685563994666,135.47837435095562
-21.36386675392721,121.14783982988735
-30.138463955230193,145.88545405634122
-23.20685511160425,127.24357129281394
-27.413366937484746,139.61470688842994
-18.934872763234694,123.67702095997541
-27.040545915110556,134.3755100791387
-12.331248249449242,134.29947330597184
-25.359481732475466,141.6561250478213
-29.806172052283447,142.68465765667565
-31.555062463985898,135.63980458389312
-20.14126627954409,126.68816618265011
-32.809704126444984,134.6301867361365
-21.251241180856614,135.79515533632082
-23.101047785540487,117.05994099794775
-29.34150503400687,127.13371331522167
-22.035026901668648,129.06628911475357
-22.30103614771305,139.8809407782672
-25.249706611251053,127.43738191713246
-23.769435382267776,143.60664117575766
-33.857296810165955,118.68172195704692
-24.17723664135975,134.92841496129978
-28.29173080059777,119.16387157158768
-23.638491492958995,145.4976037451301
-26.9701283298879,138.20397356396384
-20.109884717668375,126.76648499805881
-31.854740648552465,146.12690438193948
-17.76915139062459,144.6036105542778
-16.88952265577069,135.25372021670796
-17.75537089232172,133.99791604074437
-24.55041486841165,145.9221387481037
-27.363583935646982,124.97501152426709
-19.97363718060045,124.13673131723901
-28.113223863550267,127.29135128307337
-18.000753108715436,142.0792098350589
-31.612150195516413,119.86838337637248
-26.087180553091542,134.66350236339463
-19.898213069444758,120.06284486778308
-33.907456982113885,141.68840372772237
-37.81867273584576,148.67236940676133
-33.76909815672985,141.19127530945613
-31.807770682211938,121.49871861294127
-26.97282270877473,136.74595468295647
-24.127427450827142,117.0135068717483
-18.984420951174574,142.3270914026831
-17.978357853380654,133.69779760627478
-27.34049729620612,116.38862928010215
-24.489249591270386,146.1828878173749
-23.823271260098878,149.9204887308336
-29.162512369767228,149.7029095219957
-21.752686564258077,140.83609006374294
-14.218681603391648,133.45458013782724
-29.920510121921758,133.21839401398304
-35.06551417273455,139.21290973375525
-23.64061320188193,144.21904040911755
-19.59088765399493,126.6555334988654
-29.042509954649184,123.84137079516908
-18.618768686545792,132.13225238086522
-25.761091308286773,123.0433547587327
-23.469590891625536,130.18355052127524
-27.104448339940244,129.4216433133285
-38.53712516716852,146.92294997756983
-21.586001663844325,137.4029605104012
-21.773002824926852,123.56043858724685
-22.51317580192468,131.11162918152007
-29.215967322550235,130.46705895734564
-24.139098650665314,119.54412765652938
-25.078073701756036,147.33019105782103
-33.53656533646234,151.2307787429577
-17.91746884844769,144.34429305822496
-33.76995771505845,144.66193531455613
-20.650818131186963,123.56616150207384
-14.684161484278565,142.13250576087205
-22.757759970294565,122.33882346900495
-21.22663880523516,121.78008301376879
-30.98561986147106,124.72163107273437
-29.564327237144106,140.8142505139723
-25.285462175699315,138.57350285854997
-25.720169778908783,134.06102562900597
-27.859039657167557,119.39499602141194
-21.130313373870862,146.2132215452964
-25.216545900625,129.2009776178051
-22.545377983403963,133.4404868935012
-28.964121157927465,132.12927992086034
-32.45242927538487,140.37006952309116
-33.51428216227656,143.56149113925207
-19.154006728569016,133.7397078803566
-22.800944008397003,143.98796065973286
-26.648580848044205,129.71710354434245
-16.062241254444917,143.2488119537584
-16.96376173099644,126.57039802917012
-27.031155652457375,118.96880504148871
-27.76787631657858,135.1488419875692
-19.930399191041534,147.86099218200138
-29.687136437824083,144.64849379634902
-24.34751862758347,137.4022007698895
-27.80134586789643,146.5001991435534
-26.951655624001475,150.754931366165
-35.125729253270386,150.33739647920376
-30.012566256112077,136.22207517932304
-18.416413577329823,128.7992016247453
-32.43506943544713,121.21561050380394
-24.101583593854723,145.3790622859361
-33.19914047611628,136.02901244391862
-30.837245025757518,118.28003534023905
-29.830875895412692,139.0256835507619
-22.224802530962368,142.69572413571254
-42.852281921384325,146.84051437513457
-28.136868619409483,130.41734310270246
-28.944381831270412,122.54090281670072
-29.333112416107895,121.31298217929478
-29.759222834861497,117.2926079807051
-19.865645941873847,147.6431166517997
-23.151737688543232,149.2103651678275
-29.329639114668158,135.35255116418926
-31.35847214574299,152.1904589229336
-13.32445841350286,130.85452129630022
-25.509822959974187,115.27084078385205
-35.31224795429935,145.92690252932817
-31.352373977765797,140.4080477135156
-30.11086382415151,152.12454562270335
-21.783631020536127,142.67213318782947
-20.584036290524775,135.98709926867673
-12.582373717182932,135.5419570910068
-26.71995400047292,145.02105225420277
-27.817210206936885,152.05211568103596
-34.707688455833654,147.452956359366
-33.43548265285489,137.36028284562585
-30.626503508018764,133.8684203726132
-14.508964422513078,130.74599236634518
-25.245789965789164,137.2461191849484
-27.73382854144336,129.8633835707595
-18.870720897254294,127.75520919532981
-27.448035789578302,121.35799132707085
-26.06660823880203,153.13399813879323
-23.09969042566253,123.62572848696439
-31.000838587381455,138.4944386232337
-25.258368713388442,145.43399857349343
-23.227243525397807,118.49955710463968
-29.833891601790008,124.74717994015757
-26.918322480201603,120.54892046501818
-25.312762735983643,133.48083791302216
-25.168174291192337,133.04894674901843
-23.478350900834496,127.3266479096618
-21.93049040713086,135.17595970466445
-32.09293062408864,135.27448938267875
-33.24914224765588,140.8671962728884
-41.341750555618894,146.86409898123603
-31.08841688783069,142.17402951563417
-20.38047995940614,121.27850312160793
-34.08429668709201,115.98411691621929
-38.65910315979483,145.94099653005915
-27.76042717346524,140.43784491412748
-29.993434004488602,133.23544871683
-22.14438443221631,125.77926103827427
-23.051537922900707,139.91703531963066
-27.18563595642612,142.24324688138466
-20.075175493193374,122.64813151105596
-33.70037499537251,120.26447392945437
-29.369233373397577,141.1871765437058
-19.235529858607592,133.96313665777254
-23.125861953554388,115.15824175199876
-29.439514207568557,141.47762574570254
-21.868153839023357,135.1812270434658
-28.637484408763704,132.51892576427147
-31.907129271231966,145.773174991771
-21.968568920140914,142.05158427275683
-23.66583124912565,138.41262490544702
-24.285555499161244,130.412767776753
-25.895132531436232,114.33844351600736
-26.289306323558897,136.22881148143838
-27.41571530792869,136.74961058444998
-16.239637088881548,125.05502344748652
-31.320817576536825,122.76768077992135
-23.004242116455696,140.9982244876459
-21.868893067493264,130.46142799202434
-36.92694959704386,147.60412459591083
-24.51981758263997,120.28721780973129
-30.081349661735644,119.14432844948665
-34.89218939469233,138.63599611332396
-21.737658007994217,143.3981248346381
-33.80742890764865,117.12282349276826
-17.572180332435902,133.1823902236303
-20.570478761209955,119.65913416273885
-32.3485774289357,139.6330184378257
-20.69031558310279,135.98109761984603
-36.74793005478111,143.13914500489085
-28.607686513153055,140.403251592657
-28.882975595364304,144.17559971282463
-33.97675666787606,135.50398801642314
-23.86052295363096,125.6066734315712
-15.527339981196196,134.1084361244498
-22.55040994167411,139.62614756052966
-35.35654674377868,147.3961732696707
-34.56224555288485,148.84725245326388
-32.099166140081664,118.11391154045653
-14.375800664829018,131.08107829438703
-32.955046282985556,135.4270733904703
-24.24274713052113,122.34004322387915
-31.60721841648162,136.36671511112013
-18.514196046506896,131.39180205797584
-35.061400789927326,143.4488873122818
-18.4717966537267,139.47669450888955
-24.999166385549913,143.31950220070416
-22.65389536721414,123.37689247039162
-13.258386742058892,133.0705099071756
-27.987250979895876,139.37752051980098
-38.15255265175622,141.49999789874659
-22.785016866884405,114.33203905010276
-36.20192875408746,143.94995592503386
-29.67161346747836,137.3825696782971
-32.33625347312545,117.99936420977296
-21.12309463399562,126.24279208606077
-26.701889643622252,134.22113894182914
-31.470555372625732,152.46869563211848
-29.59371998795665,140.66338918195362
-35.84530093515431,141.67347929313203
-23.96971805668221,128.59031444173286
-31.68441256567977,132.91434036139088
-30.63389140911673,123.50877200919368
-27.254916672624127,152.27176867473176
-32.59199338031557,149.41180248103703
-26.642343280560215,131.26383311178122
-18.093110602551548,140.4016384288979
-30.59758410083508,137.80574140010518
-31.171284819348347,122.82009084655368
-33.55887177982522,119.30576147560379
-27.221184026721264,138.97128500706384
-37.343708873975814,143.21690570947797
-23.51054519922541,123.14072351523957
-23.16380888590541,141.09957057900195
-31.790045400639737,134.19333402276465
-16.64601295929581,124.66536174581671
-20.235712694144514,123.46844964685117
-25.31995743277317,126.37122983650914
-32.775702396168526,119.75932526207923
-24.83759293773863,136.33225520577807
-21.32795636428254,126.32656331646928
-26.00327944092635,153.07821265330156
-18.965122070225963,137.3356734639152
-35.60689681797001,149.49616809578512
-25.09338787090273,131.65157387220407
-19.918108069580757,141.18067461000456
-31.50634352556554,147.6852068617934
-25.460532052582064,129.0031551894434
-16.425202398871924,123.76777899779749
-31.597931030864988,129.17881206149337
-33.182565340276454,121.59735100895693
-19.72366768033302,131.75833527275773
-30.664333537738695,126.84047268452699
-37.83224507111757,140.62734021091947
-34.63845344905809,146.27562013307352
-27.005512180764235,132.40171781876518
-16.78336095954833,132.34471716698044
-31.87126488587753,135.8994753339954
-23.239310409807395,125.47277636567348
-16.513775987742534,126.23737519300488
-25.54644317891811,128.71055395242328
-29.67085154413693,122.84344453919678
-30.6679698693313,151.99193534033418
-35.70429833416484,149.20308889414798
-22.08374769259598,133.57243741967764
-30.695942771336405,141.26342434953872
-17.871553928993855,145.84150184859166
-37.493932809149086,142.05770659615612
-28.38193466906099,128.24114543197712
-22.982089192075286,124.50449595043582
-30.19849079831507,128.56259409852777
-20.742188517059272,122.36001567829109
-25.738636935240027,126.33246847250608
-28.68434316539384,130.49501369913298
-22.174721961262865,119.30599260398897
-27.061502751640695,142.5220058840968
-29.357822345635213,124.82769088598153
-21.667968535053703,143.6629482999672
-26.706262030071787,117.584291667874
-32.46977222033257,140.63769095838842
-22.146532126236288,142.60697310854718
-32.00617717659904,118.85276019205484
-30.07761020275708,132.6732018269728
-34.538103571700134,115.9876488537216
-31.86287376667696,118.02068968306645
-12.088072604490382,135.9977459560497
-27.087850208418466,142.5345186360872
-25.31795396907775,134.87201865219848
-28.70325425437342,128.08292599235335
-27.32199858337353,131.98419186582726
-15.003853593460345,128.6616088520077
-36.1660561385724,146.14484419871343
-26.88206510298973,143.88535806986812
-31.63361135615593,140.6479044455405
-37.68312151864849,147.6649300014495
-32.18398944809589,135.56352575911754
-22.939787915269623,139.03789662216192
-30.54198474858289,129.56323141771634
-20.533934682031962,142.6094342966165
-27.506830732815807,131.3983231273998
-20.86206177887427,130.33079891192025
-20.871107375584565,128.02288675351502
-23.261593184540185,135.12926239601705
-23.893051485379033,149.78543407057913
-24.275937115039397,124.42908939421754
-22.170668029938447,122.39414026903489
-30.221958141564908,148.12666427081345
-26.328766132143954,116.06976218207309
-18.040059843112044,131.2458296847204
-33.01806759646476,145.48705068309386
-20.655027583785547,131.1364342695454
-26.265749201837863,116.64377173923118
-28.117027800851233,145.50005783856415
-27.91524472281485,118.23144461456646
-31.08993811971102,142.03018640008509
-19.84311981104645,143.12201459119538
-22.89971678695422,113.86997999976731
-26.641819024794994,152.43369062215453
-31.805965103259936,150.8297405015315
-15.00620906999135,127.64488585993402
-20.35391125329518,123.88303757164759
-27.171727269039597,126.19681593382472
-20.939061766914755,140.52432854402616
-27.99132408196951,116.04576960622501
-26.185391738553655,113.86905623756715
-17.890124679365556,144.26447011470876
-31.667598024114568,136.3969616178072
-21.065042701503042,143.82983999149928
-22.193608030052467,143.17615643667227
-20.27991229777894,124.11304165376157
-24.48037891316293,138.04414350942906
-34.0009533175227,141.06613599675592
-30.900149307006437,140.21966015080685
-24.138984940630163,149.46653924587872
-26.633935658719338,114.47359178084113
-22.91104446350989,126.30306764930953
-24.293616004151875,113.75444725229177
-23.21948255290646,117.79783812740925
-18.310741856271946,136.63610074720944
-33.91862889482956,117.07591249861811
-29.02951971270017,135.17303562355843
-22.098141560757732,125.46116992810464
-26.34177504236065,139.72579157555072
-24.430881796521433,127.27990982203868
-34.813482886565936,149.54956487516836
-21.417641074727314,143.3918227114234
-20.591410488991567,125.79383433288368
-29.817505461629885,140.9394735819011
-26.720155023210825,134.02920744499593
-22.714714517189815,142.3917044824227
-26.997666280541623,143.1287092898718
-16.377207102052342,137.17714931152435
-35.38042034159384,143.32620722477552
-27.776893758839073,123.23130373206816
-15.763886123266115,126.35953079495646
-35.08231933601719,144.00414273232516
-31.92503554824546,128.01478906272405
-20.330427623543414,121.00204488185145
-27.987328288201248,123.14069858896353
-29.105284912158126,139.01288136513
-30.123078728888895,116.91057420102189
-16.827378607467896,133.33703837775028
-23.855715461931798,141.21757413085157
-21.59060036821592,127.8503565276354
-37.152304254289135,143.78772297794347
-32.83938642816306,117.29845490470356
-25.250018848433577,141.66960772448698
-34.18596618161139,140.94356279810668
-31.1842455493482,124.45972895646173
-36.45957315230432,148.20881377095563
-37.63524216774,143.80149309242444
-33.225364103967124,120.40095562812799
-31.458846031401208,131.69992179361523
-24.432196973841496,138.13785694287344
-24.88578352103973,124.86190161628801
-24.422230386053485,123.52744696343103
-33.032416704187774,122.09794797691552
-18.571653179420732,126.55032304457428
-21.32323585991023,147.47649460701152
-31.872998613612765,116.61466808174528
-31.553558096673584,150.07356835051203
-29.90201777734467,147.6157445274141
-23.05399043129446,128.98164738244787
-35.6240256041088,150.08714246160775
-28.728479599950283,146.0264409692174
-18.69698695679247,127.94587676868616
-34.838596862333404,145.18436693034863
-21.248992660536814,141.6487481711887
-18.52615055243162,145.3015735654795
-30.042169781874943,145.2199603716087
-27.99245211596604,125.93717300931016
-25.478165771931913,115.02086711213256
-27.516601168498575,131.90603482995715
-41.596396144340744,145.95606639178175
-34.74536038549332,148.78268354147113
-34.285278422632096,116.3477381274395
-22.5825720425391,118.33363160625782
-28.388597665004816,128.2064961888593
-21.369587567799147,149.20720815686428
-31.498017218415004,122.0994715161253
-36.97773125959153,147.5728958939446
-15.516103015845687,144.19475565754348
-26.05641390981605,118.97543880887014
-28.352851899458884,140.82634367373547
-33.6071439497526,139.1588756900375
-31.353594987680747,147.63844823894706
-38.00582504326354,145.54387987497978
-24.19557810652661,149.81234771471316
-24.38474421941307,136.35487507013028
-24.52575370200208,127.1653570429936
-38.15998397567566,147.4641367489157
-14.669467819678957,143.31276040511327
-31.147463432872087,150.13853886364058
-11.866643633699233,142.61937542765932
-37.035271969388205,141.51704768049342
-26.80754989944487,116.27860100730639
-27.060529072742188,116.48800920014429
-25.896027045210968,139.59316829902255
-29.999620804574615,142.62838864501327
-32.989731006650906,139.0472706791191
-35.48999603623465,149.00741636755114
-25.11167395856145,145.59511239171633
-21.01817497234057,147.01064696877012
-23.18396729070576,117.51553958528487
-25.448090649882293,126.31056275846902
-36.49539869465584,143.21814423787626
-28.07455242263211,131.0075966411277
-26.959950449918992,141.00336306868428
-28.16709448971296,141.31499001909646
-23.231378927503926,150.34103985582394
-29.755770941884172,146.20102380820143
-25.11646369898399,129.86701211595704
-36.86673485454448,149.53923854655952
-26.724905191784437,116.0309265302475
-21.4417585672359,128.0669308066527
-36.364453871164656,148.87996706900373
-16.42505515368202,133.09641437132544
-36.13119180811444,142.46002251129065
-22.97611014757496,139.68021974817475
-27.313870805375096,118.25194495893149
-33.559050778500165,145.14291432222416
-29.090053982290442,138.20069109149492
-33.42067166563313,138.99432314624661
-28.263373115748173,135.67574721531832
-24.81333785240648,137.5546251177953
-21.840734883564227,140.57520381373268
-36.84418546648364,142.4761666509567
-37.80493546871396,144.0700408584746
-26.877456838801933,131.05799056566516
-24.101641835294696,124.96405093572504
-32.78127742240052,117.48190087535238
-23.721157644673703,146.4080179886845
-36.40497160245793,148.82713567208518
-36.792171187163866,140.13366915498713
-29.071024772384632,114.91162390694521
-14.084127580342322,142.5000605728352
-21.008149556493898,116.37246242653843
-33.61078224308526,147.00363495107644
-24.317697627526382,146.47867769905173
-24.95766701076522,142.49713818145182
-12.83276732280536,132.8065855706494
-24.594967084057444,141.81243314812596
-13.896272244939727,143.57631544523326
-17.917553800771067,138.38766223931634
-16.97271096502152,138.99215963078183
-20.29820083673706,146.3322567088888
-37.449691400807325,148.55794983780453
-22.35554068172031,131.16401323089931
-27.051419598979187,135.39031337673026
-28.376799349024665,150.87392665341025
-26.82871265861724,120.85231656230019
-26.705230062316502,123.92272983101945
-27.878931054862004,152.21691230514094
-26.8481844938914,125.56366510378734
-34.72343894669412,146.25498511796786
-28.84814078478474,146.20834993068559
-21.62127357918697,142.06372579138335
-31.480965672705096,137.95344079772389
-15.413884964757752,125.96833950011279
-17.235848275484642,126.43722329054907
-21.822110128875075,140.6649025590578
-24.73940780232007,116.3984540440961
-17.73352656240024,123.4773251204922
-30.986946722963495,116.14285351700875
-23.21024138579387,114.92570943283664
-22.47883161017024,125.27029236914544
-35.58942285966391,149.88021950500766
-23.71391162580169,117.58439490111662
-30.126194832743803,142.25410366689036
-18.488571751987823,123.70628402343405
-14.049690324179878,134.77206337462823
-29.434475713233645,128.98543808885725
-18.664812109935234,123.65577122448352
-28.950703455084586,146.1527627913895
-38.05101370077885,140.6447796427537
-27.742568222072816,138.8392965837132
-22.146265897462165,132.34816935113832
-23.989755748799162,144.61558323396582
-20.99299095461938,131.57189118011118
-21.5525992981278,137.68068847648
-23.243930423272143,121.4285063623479
-28.258865332292878,125.76210219477113
-26.310362134696774,143.51925987041395
-13.326863623362932,131.24032642537335
-28.02037579134574,146.28802291100507
-22.728594922985984,122.41272340318032
-30.60132788597817,144.60889919498487
-24.128008688480513,122.50587937715157
-17.8347645343058,123.25723379061088
-31.821738573792146,148.47562916762064
-20.984403595618158,118.00016890840712
-17.0924111017326,142.00239729674863
-26.97278006730384,130.70721416725706
-21.668881144210616,125.39140080606718
-16.04010088214243,144.43053058743737
-30.32228648156394,137.57136400245616
-17.484661960314448,127.49331238611956
-36.67677523760572,143.54358299875875
-34.11600406962752,146.88589674282878
-30.328668989462855,151.12684411723166
-24.56176196445432,117.19695415944481
-32.85728169124634,142.05907249402526
-24.28013961688467,121.8674042514997
-29.942331659302155,142.3003393969493
-24.13860070900582,127.14082195892715
-32.690070866550975,141.75105857221973
-29.250282024989055,134.2399381538566
-34.87366337346493,139.77773959103175
-24.76988094965907,147.33499970182524
-23.30609353078383,142.1999020204326
-17.75497961880865,143.2864491599571
-32.44588170266987,124.9911758165181
-25.560697451873725,115.70610074461796
-27.44055354628476,125.75895131149245
-30.91665493970057,115.69018128002453
-29.911182096262003,150.71894599548642
-15.16787928943334,128.25650857604865
-16.98024487284106,144.67777796169884
-28.38543212844183,118.7728597700034
-32.12271874793204,134.60218382178948
-28.764040620129585,126.96585137353983
-19.485887378923177,142.25629709362744
-14.172500058509293,126.66484971953732
-22.756299112807515,137.32751532255
-36.6300356779395,141.93133418143773
-16.860925308104402,143.9805684841182
-37.625368577447254,146.00707329633605
-25.49284771519982,136.4125396564164
-30.89487686797358,136.82812332396384
-27.979323678064798,117.13064825870201
-28.92819818243057,135.87543185966302
-12.575002103847233,142.76777847342157
-25.305705660980443,119.44806539780588
-27.96954412647702,134.89072524163592
-24.537457100972777,121.56299889465976
-31.409127489720944,148.5191486883078
-14.484288244426477,135.33496961169806
-33.725802283893906,145.51232318990986
-18.987593025543138,144.5103151052153
-21.508588865344787,131.97368113208248
-25.88148389946248,144.0855381568283
-33.188401997436074,120.07285721005216
-31.461724607266056,130.75737044041603
-16.879713488425494,125.87464505071591
-27.31280521524127,142.11173736124604
-23.38362673526399,144.02420769149765
-33.77747575496481,115.25540238082839
-22.308487945171965,130.16588089056864
-23.09709606851406,119.23890630128311
-19.44483207820894,131.7537479744789
-29.74077511694911,142.58984242554496
-30.610920872746664,123.87304148853781
-29.638301640427684,140.5486101399314
-37.2069612299245,148.22737762445269
-27.193447829846054,122.79363039408193
-24.3375024373852,118.75436477782358
-28.00568486306818,117.21204810579802
-32.45137788000519,138.16595841293264
-36.77119615960242,140.14840490007606
-32.42442297260928,138.30880080022615
-23.361643324176608,138.45076024698187
-17.98071941231599,124.25148038621457
-20.184660082354892,122.15695143088466
-26.28735259801028,128.68755073101943
-32.08231753333621,141.67412216877474
-19.45995338938647,128.06568960108953
-21.394412928057648,133.88966567481793
-14.447093417931235,127.35367394022154
-33.8423500579335,148.3637182658683
-17.31162200303881,125.69122187859824
-32.31027471680873,148.18667130338957
-27.158648848662,130.92592173758325
-17.039510948069836,126.47805300054183
-27.75134834978038,152.7228417472724
-21.63508320584388,137.7490038324121
-33.03782372404946,124.1538599525183
-21.94006534895046,121.122763430355
-34.80377664286088,147.0238646223521
-35.0878762034459,139.63043594322826
-26.3172628760401,146.77842926732495
-26.908319402307868,130.495555365153
-28.890836215797005,118.64851029387614
-29.077004733199946,125.93847293783291
-21.14031327997567,129.70965180283525
-26.22434189434274,144.05083653374908
-30.345281872739086,118.34530082668208
-30.127931710317867,145.45690613533262
-16.84357801693488,136.91649149409903
-26.308428235274835,128.9904047494869
-27.0566766512829,120.82988420810182
-24.8069744988805,147.44866966865774
-27.677021193147077,137.87189027863116
-32.38584345825942,141.1491456279316
-28.08035592153705,127.04067826580177
-17.799181211849746,143.855100615328
-37.399907446731106,146.6676754462731
-34.378810966659344,138.94432365734903
-30.633595615026056,121.41889242920246
-28.84256907015441,134.40656858954398
-26.54988067578191,119.19208115964778
-28.97081995559978,146.22931569016563
-17.186600351006273,123.20454990150388
-19.572888763332042,123.81849576418065
-31.067682968895,148.57050985304483
-26.226595414851186,120.47796652455587
-21.435571818731777,137.9340516994195
-26.441919696602675,130.26705517140056
-15.245676090050154,145.01317870945329
-24.710574481448173,129.70218860531264
-30.892386468168823,125.54530740584619
-15.457032443000191,134.60290778442794
-21.168955504894285,136.131589105398
-33.661401372280196,145.58199337306402
-14.488872459688519,143.752334562216
-21.575478849659888,124.04913595752153
-22.354399480622053,148.02252593776953
-24.468118384444963,138.7071516983623
-32.881197072274624,115.69188393811713
-24.9907731258565,135.68964718970707
-22.663587549664904,131.79862178719523
-30.995050784244135,128.13154494263688
-19.964123976154944,130.29632399017177
-28.38117084532406,117.48231828298388
-30.59806268429412,146.03967828681306
-26.18562961551043,116.77506525281935
-16.82007733410167,142.0826522846647
-34.12646554737143,117.06780118276696
-26.62035196972471,117.43480989681761
-19.2798817603793,131.6071581944549
-33.56037275946078,136.1855216707516
-23.64531489788522,149.58039117797006
-24.21353617720271,143.00956116997497
-28.227689122626145,149.49247652903313
-20.660347268551305,135.15812148847763
-20.13517238952093,126.74554362758856
-15.615268565354853,136.0144183051162
-29.299870927771096,125.01472789568203
-24.137395927227768,133.55638791666013
-36.547927163306305,147.58829439971856
-28.202522816574827,119.7272479364003
-28.580076851597706,138.1840798515507
-32.75279982945092,149.9003886434988
-25.506835671939644,142.0367162684496
-18.169873716068906,140.24297877502207
-15.969104069580759,144.8904512555521
-32.516512331388114,144.48113596392807
-18.474658623481158,129.6379997180014
-29.476147666172913,115.00264531009364
-20.73145642957374,147.5571283082964
-33.16844939335129,134.27329627536903
-20.68375975818172,130.70671712304173
-15.788925740261146,125.91982309276838
-20.416420706577068,143.2148857610276
-32.879328437045984,142.6624320798206
-15.807530511355832,141.84249836360263
-22.87275145225702,123.91236532916774
-24.741334371313826,147.90997463669999
-33.87275698152031,118.52558799671286
-17.158613739162362,132.47279454692278
-16.484387481823454,133.1673398786291
-16.975169118131788,138.2309883337499
-34.42036452815572,117.76044370372304
-22.2461193888836,135.0850048940891
-20.793605246641835,141.4493721514872
-26.225392892899947,144.9403723439215
-30.368768126632748,141.28142579320468
-37.72958468647543,145.89560127123326
-31.65063367461364,116.1688673010358
-30.030141615214614,119.24082754993103
-19.877060196098203,124.25342675392429
-36.27747015550011,146.92225102752246
-23.117879342680993,146.0511543743409
-25.583702642802805,114.83044538965483
-23.41482149074095,131.05322569854067
-31.87326242298792,117.35673958062014
-24.80853240542316,146.02766027477497
-27.19420438059625,142.20878790477724
-30.679313304406662,123.48314138967862
-26.67967749902954,137.95874899896646
-29.02069827993798,152.07973118696043
-18.389146930410263,139.298965762782
-32.42187268611789,121.22741191189571
-28.649591939998544,131.16327357697534
-22.856404043134024,140.22278388582478
-27.70585003913792,132.34196173902578
-27.64726538008593,116.19350448425456
-25.472414476259726,134.7600282272272
-28.943488642279267,150.46921422050943
-19.902128566000293,139.00588827583684
-27.552396821793618,145.55493613473635
-21.999561797269628,133.25604751062983
-12.653271676783358,131.53223512726706
-23.415522403751797,133.49918703517335
-30.550146459474895,125.7982238998303
-21.106769350103196,140.7895407029322
-29.263680640287674,125.85285321779087
-20.314681383000366,135.7108018560307
-25.06973385488762,134.7669362211197
-27.774393190291192,142.39093021991266
-28.366107005118792,132.5318253472645
-23.647422996008583,144.03595736724765
-16.276611292341418,137.32963193413264
-27.29492612145434,119.93027031721341
-25.796559899585013,140.88401723269374
-34.8898962422884,139.43800505213488
-29.61067854582595,145.71628375227232
-37.69016095111802,143.2758973205507
-33.03751011998793,117.78699615739157
-28.384998322569178,121.6773049135115
-28.492934001136057,119.1478624763686
-28.131469482025768,115.00337739645096
-32.87880488201753,140.09072852062408
-25.689600527939064,146.55019814108846
-23.341688709122707,132.38454599227896
-19.80927874306272,121.72462160523665
-30.669548038815222,147.4348420452099
-31.694415544754968,137.14419481053372
-31.01337538255175,146.68034239795995
-22.531163856286682,140.27275808637884
-19.415922561577574,134.11914300199533
-17.47170026974836,144.91780632462567
-12.34901421516621,132.69907288144242
-19.880738127847405,129.98626705560838
-32.362869151061815,137.96546689394157
-28.547694724078312,147.46077172738944
-21.183952070188266,143.07302171207118
-12.203804807248716,132.43676093242968
-20.272295824338237,134.59218784906875
-30.360348692896597,150.95437964238735
-18.237295846209552,124.11135998779235
-28.32303710050141,132.8951221872767
-13.430469327014361,130.4680113837962
-24.02489423308797,115.2426722864791
-19.35615634810003,126.1826623826489
-26.106455700512424,151.06030474189112
-21.859163751113112,127.29952933877829
-21.78578707284466,118.36892257635006
-15.051843299752164,141.77251002332648
-27.57614239845279,148.9073025809838
-20.05455380635459,124.61315866982441
-18.216444973158126,136.98751577347127
-27.830648260820503,127.05866553268552
-33.49596393120933,147.4167096644767
-24.237684534043932,122.23688280489077
-15.688956600293423,145.27187869771194
-15.145015320452192,143.15541858699777
-19.909067673606792,127.19446400632356
-23.83660947896988,141.1610114176914
-12.359040720659216,136.62064723156507
-23.879963945124132,145.53838554268026
-22.081862832420864,133.46856185020545
-28.595146365898337,124.00467235717332
-30.41189486246138,148.85674438860846
-14.840967024326918,144.99887874255427
-25.082370430086314,132.8593161577917
-26.35819720552301,141.09078652031553
-30.13356129686271,116.83715494458824
-23.27876481251921,146.02507443317103
-17.40996937712733,133.28397036786635
-24.440394405626368,118.05585905062203
-16.34862990394654,142.40016554483478
-12.66423885503136,135.17460345279085
-29.236043588115884,123.78186140200222
-23.90209201886294,151.18203030333206
-31.36336573675726,131.43032415659573
-26.118270257279796,147.01124579826813
-19.50071768486433,122.72306495496107
-22.886926190247628,115.27199372451621
-22.999977167092805,134.98766131089275
-31.48334055208573,127.44525730892236
-25.386611837248896,149.49646274608637
-19.527648130766554,136.28794390160155
-29.764894991150612,137.69106582161976
-19.770930304265562,138.43321390667137
-32.36005090429036,122.56476424190778
-31.173887329268037,151.07464397862935
-22.3580423625021,117.1462224709532
-16.600375725681822,136.65586232545556
-21.17764604685629,137.62995681624162
-29.724553522418248,141.01225276996857
-31.210004608972497,125.19842922038995
-27.46800330044827,138.13382470359215
-25.367274529965357,133.89302782248862
-28.039182205910045,127.77389343210262
-19.921079811366006,123.89830572701543
-26.92971138721593,129.2067318518494
-18.331005727697576,140.05890799156154
-17.079983314159403,137.7845463417267
-31.27549628278811,148.67387086917546
-36.09710852913432,147.21901182653727
-33.35584868350668,140.3940701535428
-31.189970021784198,121.12263072408678
-26.994281260642666,133.0050602225469
-13.490276397283793,141.69641077810007
-27.082610699795353,134.52262113323928
-29.598205563408783,132.94731859408682
-24.024296590074563,149.8649213910452
-15.626506614535678,131.98804602501198
-32.86231017888665,147.58892282725407
-21.405572331150776,142.63014353378352
-29.30243141940086,142.3591746972881
-30.901193503825645,145.9369515930298
-22.600588631633183,127.47009399709229
-24.294460156149444,130.14978416918544
-23.429811559022994,136.08276922499948
-13.879303531106043,134.47784032541966
-34.695670347224436,137.61202421748413
-27.20193177525943,119.65247152395112
-28.711091869223367,148.81235747100672
-26.56249220331991,113.50605052786537
-25.37636303336829,136.93919069906275
-25.512844954044326,142.3214722496492
-31.254692663502194,138.62430693881777
-25.040513586334793,150.51393339455055
-34.10462703864511,136.17840386484121
-27.797647161154945,124.05962777940628
-25.122960886339214,129.8837652811148
-30.847892760169714,119.89515838806773
-31.602318201988297,129.52357390930095
-26.372726995464756,115.22916861556662
-30.01010768182269,137.76569641853166
-26.50236574934429,147.48830511844545
-18.733820225900814,126.94071872823159
-12.65113547659654,130.98851988450315
-29.76812324461352,119.54183445541861
-20.97238050451514,123.44377688315795
-32.117602022578666,127.40918145071666
-37.112437607189904,143.7824415417635
-41.68837695971913,145.86398919626944
-18.16540495916227,124.40610156707771
-22.995615944435038,118.94076158098704
-29.969186869213203,136.75007616883062
-26.81984013843199,127.38321587517915
-14.110323442250845,142.86297533924514
-26.2785013234648,146.12563313792265
-31.908228020213237,137.33503790261082
-28.54359001107843,135.882583370938
-13.963986629023573,133.70167921419434
-28.155833084773597,141.48790928088155
-28.448916353858923,147.44177468089325
-26.661914135447137,148.32103074448247
-20.251785357478536,132.61736891816602
-34.735721986110796,118.36378681295615
-18.454514654392295,137.31756206356107
-34.368534540826765,135.83772811936964
-16.9365040284934,126.49187473791639
-35.44395208859164,141.53880696062276
-35.326457730478744,150.2446618339567
-25.54143273253421,134.6045640255342
-30.335336458773092,144.92022819312703
-28.78536890045092,116.45042605259282
-34.390076811372055,146.33587177513138
-30.65543955720181,116.25072992931933
-25.442777990527535,134.2442547602427
-30.021749905152717,142.38961963160807
-23.00951326104104,119.60222638173727
-30.848083287488578,134.99830553284562
-14.327548705965619,135.3381153850421
-29.96178821577756,120.5435554176569
-37.43351828466524,141.2922275915692
-15.474288369612186,141.70581228009314
-32.12592134845245,123.06587769925835
-21.28276618393881,130.97428412186403
-27.65960907927889,131.13985964424006
-21.8918315214281,147.65612801573886
-32.954704665271706,123.7915155835735
-21.712181356345695,129.08316716733964
-34.64052532891026,139.40191159893607
-18.01781848166722,144.1513770335511
-29.85488881947319,140.7809545732558
-25.023747423207215,116.63498582892457
-29.1699606369179,123.13748130328288
-30.64869695132522,122.60892704033084
-33.957586038575116,144.39182315000116
-29.405011685039632,122.30747818828613
-25.115751186106625,123.68524209688027
-24.66336460027613,140.3097533737626
-27.3387265412152,150.95234504415808
-27.9114437120938,118.72418193989958
-27.076974034385838,146.9169460282572
-26.12954213281012,151.63906672348946
-31.78234583190463,142.83495031288132
-31.759934174262106,143.66797526620448
-27.85670539669381,115.38832273358179
-21.523206993646834,134.06576354944144
-31.481489027234524,128.098402279964
-29.048452034468568,143.384861965222
-27.16199724818349,146.29239350596146
-37.63816795939018,144.26566909221452
-18.211077444571565,140.97016560825568
-12.614971649591705,135.65446980993897
-17.80387873978477,131.32580377300317
-25.54595675597861,152.77414302557375
-16.592089863009384,127.37884237978761
-29.228927873914472,138.24273938921652
-23.997011512261828,140.35365836360418
-26.142370292998297,152.47519482283488
-37.11451621775481,143.3822955100262
-17.823075412792363,139.60071917241464
-19.563172554282122,125.22598523554237
-31.217899811169072,142.07398599269004
-26.338925436404732,137.16982607503337
-37.835062600156824,144.88273891728704
-27.171127401560344,139.72255472018398
-19.700128725615716,132.40935241071136
-31.156901573298356,115.401301679069
-31.974918880179025,147.926294100952
-36.344926000622436,145.45337259477776
-38.30130607828632,147.17690017655323
-22.287199643780824,119.85135173043878
-27.342208339062186,142.26761475690896
-20.94175312348517,120.77439581300139
-29.918786925757416,123.11607677369875
-23.94275331556696,147.30678027250985
-31.82655396478226,116.92247884107837
-12.649674504850466,134.24841737925948
-27.949929378920093,133.12547099693708
-24.876724119094863,144.21240952516237
-21.497059375119207,133.8453964044004
-24.48953031305324,148.8407788252727
-25.134357987120527,141.0769938834997
-21.749762932831658,140.47477757276897
-28.501188062026024,141.38163270230208
-26.94069440455722,152.81992872143906
-16.049375904819325,126.73809375552142
-23.83065398080207,136.95720856960054
-13.048440347494527,133.05388510408707
-26.292614967336785,127.90081196517326
-17.86710261272213,139.44388201491665
-18.18196281774789,138.28101616071297
-29.237178796228935,151.03812470170797
-16.10815086710643,142.83070786994253
-22.189082137837538,126.3853753986273
-27.993837140448775,147.30161604406393
-12.30035546304169,134.9887124082914
-28.64346525844209,148.79077558168862
-27.08634612772182,120.38897430809558
-32.84729370551374,118.96871893228092
-37.653900521839944,146.96356580955
-32.095798857710136,146.25660133413
-30.236009659099764,149.38276009491224
-31.639214887084314,121.5060830351977
-25.817849759427375,130.096011042292
-25.324764923028226,137.01984031219996
-27.28849081144589,120.61078225644827
-20.113238553538963,144.77802012022136
-31.51771756719286,151.4157475200711
-16.800119423852514,137.62415205914547
-25.35527601150245,144.61384350429188
-24.796227725988793,139.47953974708966
-34.93663913778261,145.58361666219304
-21.887531444778865,118.22252240100843
-21.308750045574634,131.64253960540137
-27.41846338140456,133.7918684975622
-24.995265057967735,115.73970604381931
-28.775540831690897,132.4702976456712
-23.60306194390287,124.76717313721336
-30.174106023535206,149.12848670960994
-17.37840856405787,124.6881935342952
-27.789206349585502,131.3187915619608
-33.47850932803216,148.95850749919157
-27.528156177912184,138.10020833971248
-18.65941798023992,144.52867934328066
-23.049001749463347,117.30339238256285
-19.864557710584172,126.0926910776341
-24.16740949536255,133.9716074051719
-25.951721003735912,146.31760765178933
-16.025848957445604,125.24095292553648
-28.283022271151435,148.92136143594254
-21.661971978581178,144.0206533548795
-28.27297446014593,143.2652277684232
-32.72431426907599,138.09976094394557
-19.427447676001506,134.90340304783336
-31.587539345259763,140.39437686478942
-31.00590245401242,118.99440357669282
-31.671984772324365,122.85677746724727
-17.460161940976427,123.14571188750979
-16.88215776590485,138.85883073593084
-18.93805819980843,139.53614271543796
-26.19181238121271,152.67455350302566
-33.14476527160973,149.27238315262036
-22.285762563789575,115.06050300166926
-13.960752107208126,131.15639148836934
-24.457291862291292,120.66920687369371
-27.887937303792818,119.07042707568439
-20.213634244969846,126.26961982529645
-27.133160526486638,138.1693135624113
-34.34593883547321,145.1460058618585
-21.572876036416197,124.70107622784137
-25.62358244637186,146.31507942265
-31.654602054004833,125.97523064446958
-31.58182514045096,132.87993478792598
-33.0664808123989,143.62452648958907
-30.393961169095846,132.5209664907492
-28.70108641147342,149.12809432505566
-18.34915048739274,134.49954724338295
-22.930087809384364,142.77826961852267
-31.058055991201076,136.5612113164006
-27.453828858535555,152.19459003184377
-35.64692578873674,139.52735246220564
-24.93145352654422,143.3500262810969
-23.37544659910781,148.33814768819173
-20.95085709962436,132.65012692514915
-23.06986688164939,124.5380952685179
-25.56755656059634,129.7177925311867
-18.271349536661656,129.50719824224717
-24.51397768838165,121.00571132880796
-29.31641835947808,129.3843656617612
-32.14787145732816,126.2770816875805
-36.32235469733368,148.14577498419447
-22.495142261298696,123.76436572097677
-35.36875315436682,140.34833121058944
-27.084003767957906,136.61617071351847
-25.686172484898808,138.6790991620121
-15.120939407012095,125.87758686072029
-24.925718831344746,150.25612106527137
-28.34665391276169,134.78895781961285
-31.01080455556631,129.48520341220768
-29.024875323140204,147.95961685579698
-17.931808001016122,134.9607079286319
-22.261814362617415,124.07049786792216
-29.10687194499798,136.0398627104239
-33.91288060302658,116.26965661405534
-29.67819000071392,128.645453392518
-22.483783452401084,129.10747778718152
-31.90868532569662,145.95525790565392
-32.336879578829965,137.05590896688986
-25.388762889564887,115.10291254316962
-20.23332750346773,134.74431985282732
-26.924419683755502,119.8891705128126
-20.27786049043296,146.80797694444433
-26.617534633327374,131.79415532589456
-25.638340560737834,149.58601335092723
-22.79639469565774,150.3007578268312
-30.413315749965527,124.13031733006879
-29.76142355180003,134.39724348267654
-26.842947869892324,131.57473867111327
-19.631142677387352,136.8004269445272
-20.553813348137517,132.97564587353622
-12.088104395898863,133.59718331479934
-21.724471416932424,129.95988832914557
-27.70019591613348,117.614084131786
-27.466520207215368,126.04336865021537
-23.99324320651396,116.68607352082068
-31.417858746407752,121.84125343102173
-38.77637770338482,143.42547487400822
-27.18134594477723,140.43888884664685
-22.45869027911497,130.73743509064985
-13.32467785604284,132.40241909636694
-29.236080058628225,130.39794132127122
-17.945146458061433,128.498606078266
-28.52624458926178,118.9927654502765
-20.827413205977216,123.73124314495573
-34.71074592454972,149.6490020302266
-26.69099054602969,119.13497459322288
-30.032453545246465,120.69259166762093
-31.345631583817152,135.5176865113458
-14.066593474779552,132.23900813279113
-17.04685758842125,128.34710244584778
-25.343845142786723,119.2759255617915
-26.046146730699558,127.7729117860673
-12.46132298582847,132.3717296873332
-34.12665869673358,115.74325735351236
-32.91053843137413,121.98871099918067
-17.04145440367373,138.27884231303557
-33.777909662384296,135.4024992522112
-30.557398436608047,147.6227065095415
-24.81899731378528,146.59362476656645
-28.01474712302541,132.54760447037935
-22.95847368597487,115.7531016078979
-41.66813992783762,148.17308045994227
-17.627858841199078,127.3108571025885
-20.682778534422223,123.64146405098052
-28.652971352113582,128.4933041268616
-28.34732750719379,149.21329611300885
-29.28186563954405,136.22146025116456
-13.660447270453844,131.4686444423522
-26.669840597124015,123.41991509512914
-31.571994205746925,117.95819581184482
-22.505340530994467,131.53638656258693
-31.190469691035496,132.06451453777055
-23.740534891407847,131.94915789097968
-30.48493229457668,138.95748232171084
-30.91896319912382,127.09959301165506
-33.639605798869226,143.09729626682628
-30.63783510666299,145.28912574672128
-23.07845000652667,121.52160786434699
-35.927209602273415,148.75258242003537
-31.861184480984058,116.54122877159
-17.990672407402656,136.02624780770836
-30.97266509248598,117.95048595029759
-31.3841811244537,147.18059429213483
-37.91442007700291,145.16329083379352
-22.782246094571256,150.81627638408344
-17.447002526687864,135.06360651877645
-21.97038464634713,117.74973510939238
-28.540017720157874,137.35579682694168
-21.48232790232699,124.1173176158132
-28.017973014008003,139.2358713614084
-35.61940295443106,145.18970535172937
-17.09466972438344,126.83747711637722
-27.642477231169867,142.32024908162572
-30.52619421897682,131.77403045653327
-27.327077244987517,136.74297154301826
-22.123723825162596,141.4737675344765
-19.973755094479728,124.79861756583531
-28.543349438254964,118.27759185356916
-26.610151041919075,126.35441641316824
-31.133575387193957,135.63841623562254
-33.049954522767884,135.7477397714876
-17.55413330033193,137.57941000506358
-11.8628412586826,133.11715258846542
-21.641404262869486,138.34951834550338
-34.22738420892803,116.24669815974005
-30.90702848483179,148.2805764068681
-18.41409332720761,146.1707491158592
-23.905473329665043,140.94006222105818
-22.749959228712207,130.37202864294298
-19.072692193110996,134.07275729899646
-22.161353960551125,124.52377025829558
-26.286644184093397,129.72419960009805
-26.747442956227417,152.85417565369056
-15.156347439972368,132.2616798061775
-34.042189026516446,118.49144786314405
-22.161118094106953,124.63020019788894
-37.50004203360301,146.38949653533396
-28.951812291248693,124.70163073475655
-27.261014551173027,121.77261942454645
-21.630204006505174,147.81106722527517
-18.42183343174512,143.05555502765134
-29.885820659376773,124.55324202334619
-27.980406233421487,131.67697145402647
-15.720470836241304,135.43681769040202
-34.56000785048836,142.0623160375537
-24.168666470068107,132.86517854591983
-26.511537642247482,140.6843775811484
-30.723454356390807,133.7967729364478
-26.734617084153943,126.34182714209692
-31.195048872095207,142.67156263506754
-23.260511936691863,147.57749852182818
-29.404699391356687,116.38158396021797
-23.88445487463122,134.88345427539693
-25.644353654564323,149.9053871730435
-30.609354640674205,131.61562365622044
-33.80704503565639,142.33542567711504
-32.68452867439949,120.00781617777164
-28.926908524013847,118.00115762618078
-20.80579072651736,124.1124671494251
-26.174224590189837,115.23469180057103
-14.413191201731713,129.3794738679466
-13.582314734523294,132.17623070672425
-33.14684153862224,146.77609559361224
-30.254766913604957,138.7414796755056
-24.181351681225088,117.40548219065249
-25.96982703441228,122.25041411163575
-27.227770382914375,139.38046112403927
-18.377488859714695,139.03829827808414
-25.504622901222213,140.27395830543966
-29.668211565683574,141.69799981171536
-19.89597042030548,120.23865694146856
-28.966944354985117,134.4631105006535
-17.606854227584346,132.50766650661726
-23.969892817109468,149.11769451131818
-36.823845716188686,143.46026648705907
-16.471059605834775,134.62272159904927
-20.771373693672988,135.35633506974128
-22.907476117918918,131.36009412071792
-27.4931119217248,130.54344867118996
-24.83011764104918,144.85645851824367
-23.230239522329242,142.3297276171944
-15.520415278867393,128.18846013345978
-23.90186977544599,115.26586291591782
-17.852103666099413,143.89634944783833
-27.243312625308867,146.81283376247657
-22.36674241652173,140.00312785352338
-33.09756200902428,119.30019043134729
-21.580164150319714,127.23603676074234
-35.781994763385725,144.12288266094973
-14.779141727742214,132.7068639512695
-26.99137530267206,139.2717176644949
-30.543001624427042,151.1455654237795
-22.704087315390787,125.62952645050235
-21.01341617593912,123.30683533869801
-12.566064596728708,130.9105045874521
-30.014044310438326,143.4177409579753
-24.24940174996089,129.4918979272594
-42.30338213086162,146.9758687248952
-29.02475048816802,116.67528228454626
-24.01695086699737,145.7326598444692
-26.329352491728113,124.95083566446425
-30.7270643682229,147.3553977989756
-30.530276075761694,143.5074886287315
-22.279804435058296,144.65814889189264
-32.4468749805329,145.06984424302803
-25.269383138463414,144.2640570093165
-31.804506004255764,133.6188252158209
-42.026643186625414,148.0916787956142
-15.171338593711432,130.56098771386692
-20.890038977087407,149.0569366559959
-19.141738727066624,132.06765701291815
-24.615574786169493,125.13824653619432
-26.151483817202173,142.74237784590235
-24.882504075134722,141.63475035013795
-35.461117285895384,145.17903907435146
-22.926009907254247,146.7156396512352
-22.382356977365603,131.22201888144104
-19.08516452864654,127.8160157309549
-18.786942387323215,129.99960012729542
-32.751717039376125,138.63877225811493
-16.184052183485804,133.9591222389553
-20.309608847972992,145.2490057449861
-22.748813351430847,120.87477161145125
-25.881876149884548,133.8294269665464
-32.58622807309976,149.332862110552
-31.898745070374108,125.05745597057074
-27.33934118837776,119.12108170142774
-26.818947802788838,129.88168200673908
-30.069885551175403,147.4685722500551
-26.200232820825345,144.9821336986695
-24.547595776668544,126.41252277722319
-20.611565016276607,145.0672482388577
-18.13902917734462,139.01350824747942
-28.389504850882126,134.5445405358067
-26.202752991213877,117.50892714948279
-31.826423705586627,123.58472980872224
-20.013373197532843,135.83101566708294
-22.77451417803885,133.54385901144494
-27.29990473838791,146.1515210148896
-18.267595206813223,134.1362950556307
-22.69895124191109,124.83165281072914
-30.559681092966024,129.05121071556076
-29.295223881994435,148.68992217558832
-27.704244946396557,147.28978984485008
-27.966594316190832,131.58792394555144
-16.764110096726345,131.04754447467633
-33.92457312674761,149.24561199448192
-25.620971920529,127.63790430421018
-30.61022802125802,131.9977397793007
-14.135419773082827,131.71053018520516
-16.16673265198573,131.230915024049
-18.548589647497327,124.78641577706769
-29.854376770821936,124.30036061738166
-27.297568695507344,148.28662545446042
-30.469825887351348,152.84454086968037
-27.328561387957777,147.8682337555146
-38.11847033997701,144.18326566184254
-20.872680768903088,134.98983510793306
-20.122586778568554,138.3119887924191
-37.37704871571324,140.37838424419743
-28.58715987176881,134.5315910845535
-31.139037717789925,121.27262459794419
-24.053665033012653,134.54147566358841
-27.09160443993466,137.65893187634464
-21.996670365417575,146.12585797991179
-32.93745807647052,143.18432949071948
-15.704996542696396,127.06117732467663
-22.789924569431758,131.1766099991828
-22.49106841790594,129.12977214374885
-16.545208782636116,124.78192234308543
-22.41666032668581,144.39881721770215
-15.555490828621934,142.2307816810682
-26.812203115828805,145.54301586553967
-27.272970702976938,149.00283295462458
-19.18621464001127,140.6721345289468
-29.583984706596052,125.893691387371
-35.22301778940874,140.30136238708357
-16.60528806362252,135.36133042489095
-18.811426292945185,134.44520766943913
-22.109456764164413,146.91729824606966
-23.160217338034123,146.62681815509373
-32.66683791498337,151.3987968378397
-27.586345428381623,119.24292362681437
-32.59044739011523,124.28042667716042
-19.240985326627055,124.54017508898397
-29.516339390195636,148.23620378941945
-17.1806293392258,135.18440564514924
-32.028424960005914,139.18212675723464
-32.830976481535686,146.25152648476117
-20.018547918986084,145.52394626508078
-35.24111899863506,144.12538698917075
-25.373862066826938,128.07243229009848
-26.45044548698386,146.14956355396188
-25.274562163239022,137.1454824773134
-27.71824573691447,126.28800003701087
-28.133539925041987,123.3680495740976
-21.14621769536062,126.20426028978318
-26.373705591605795,129.08862353383336
-35.78250789876505,143.15326212497953
-28.634423781961598,140.09852812795108
-15.175670638501757,132.66479151567478
-25.5059133031038,123.73940947276459
-35.75446111142786,139.7016957578321
-30.583786122982122,128.4948077193791
-30.24881178922891,121.84097926216937
-25.300742127011606,117.82450014798384
-20.20024244849233,144.81780031255892
-30.12589056916159,150.56640941267648
-18.207409068692478,145.5378058875432
-32.910672888647085,149.5045407341613
-23.45100936692904,142.06025885626005
-27.68149569474043,118.67625743326326
-30.479955922577705,137.01774727612874
-23.228927464447963,118.34157893075097
-30.270374266796797,121.62961422683648
-30.990478062524694,144.83098891668257
-16.998892226330476,136.09247682812435
-30.678058707201696,149.84658044337732
-31.277223375471365,148.28659643927517
-22.9754285185591,120.9688604067088
-31.386542909808888,146.41520137030793
-21.579741273620925,124.86319836530001
-15.800558768509145,141.60170890381028
-32.062080279548695,116.25967210231124
-33.932463707897526,123.30110500858376
-30.7044462781962,141.80153335227988
-17.729634318020253,135.3241681146123
-27.176671449146205,133.9020003208395
-20.059585802443088,136.53058339955905
-30.692593463750995,117.07677731534373
-31.608866056349818,141.059757802849
-31.565635603931398,116.45768346296418
-23.774016584261638,128.72032917472492
-18.748080830879218,144.56400151977047
-11.909757524939103,142.704264564875
-34.08779137697252,117.609186239796
-18.42580019919143,139.6418385458071
-22.000339017217808,144.56002698821464
-21.137585421970694,135.00831137778755
-24.829444113558452,135.11158595638415
-33.592376509797816,147.56445391774534
-11.961457094482903,135.62460698919006
-31.138685384442255,141.98433833133666
-28.436154640838605,118.0720678768063
-30.370872002290632,148.76148500740368
-20.91361791594244,136.22743687852628
-30.285466646991075,119.63997989071188
-17.906965457524333,127.38547710071148
-18.374769631412423,134.12597903389357
-27.15852349523454,133.03612100169258
-26.411160085175354,117.44357140975465
-27.15783971365216,115.27698982694824
-29.067580958820926,131.27430433829983
-17.25951875802492,124.92213858504256
-27.36644996505343,149.58025827680638
-28.59757065654679,128.07321979850295
-42.38659859463397,147.53749234609114
-14.635290225839384,132.43382272406006
-32.91228309189798,118.98890532044983
-25.90572553044003,139.25861167455756
-21.327041415200412,139.90898491000124
-33.590896907207195,142.17033649790963
-32.189259296187636,144.6707351007033
-17.812181504364776,124.88288092210048
-33.78263639544447,144.97937048750327
-30.39559526515324,147.99858016505604
-20.492069454668997,132.8076792402845
-20.977606826443168,148.7862365843746
-24.247861606066795,113.98811375170733
-31.954844802910873,118.49038432603399
-29.980236917578623,128.82919133279634
-20.63924670565421,123.99966914431035
-27.899404403170504,118.80224002618024
-20.378993287380354,130.34074503742846
-29.8239677334634,140.06154820784653
-28.555342435362114,122.82271967397402
-28.740360235677414,152.76669988918803
-32.344467051846934,117.2836907995886
-19.906735612040666,128.781931396313
-42.192459493800385,147.31359979789855
-27.581117406911478,119.3192336490764
-19.190946448451985,136.46502524285134
-28.815186722387033,127.39351145532285
-25.033350643274076,136.18014407761027
-16.505709460817535,142.3414539709328
-31.08880169284233,132.69895510396668
-32.160574530188875,115.81686052397365
-28.51632500370503,140.7859785082267
-27.02248516523069,134.9970522333524
-14.36103061704518,135.29585587112354
-29.037932387419122,133.11967470532667
-15.809534574479521,143.21166006100364
-26.437922559799834,143.053965700911
-19.701030136063984,129.95677675182355
-25.492572541237465,117.01923732085218
-17.14145865422318,123.32137846755893
-25.407915714433376,124.61106219464963
-26.59900407728965,123.46503976742225
-26.320449557749612,129.83374610668503
-21.30861924454202,135.95798325844072
-31.95720984802952,121.75478595796208
-11.926131894603373,134.16721485248416
-30.292010143923726,118.17596513981222
-18.14479495880868,136.2871743465591
-12.59481652492714,131.91893696910267
-37.33137012508806,146.53095149589936
-32.8874945092486,139.22280941100746
-20.490456322472255,142.10923806615395
-33.55465029667937,145.57490101143736
-43.14593951519304,146.2814478165496
-35.861019786989985,145.8209547756968
-29.89992487164497,148.8754252546001
-23.070387802240422,149.64650041651296
-22.12632497557922,121.39033015499655
-27.920528008953198,132.06516299321603
-23.67288602729817,125.69742130913971
-22.983121360851253,122.382336423753
-27.639054219329783,148.97335512625787
-31.722084905758702,141.5797464776068
-14.980780735554553,128.81937115145286
-13.9653058479309,132.72518593796337
-27.900189499148304,131.43701558573505
-24.398733549668613,117.38256621288772
-33.48101704462923,147.28792355930696
-29.67023238236347,135.81429229748403
-29.530580991931053,125.77903197124246
-41.86188949821535,147.3106203136357
-25.988727528732106,139.82537362890403
-28.09618362498589,123.98467270468151
-22.643209809076076,133.23277582268642
-17.38908777699721,136.56615534714933
-29.52382257250755,124.64471785091646
-17.92633214839323,136.64911790716727
-31.866391437748835,145.65562987402032
-35.808254836658925,147.99354296359422
-18.835070967482824,135.52212509407468
-25.02449400446857,123.19731456039045
-19.742794573861445,134.2602879425904
-24.09813249365084,127.3413689039536
-28.357704178123548,134.47231833307993
-28.479933593952044,138.61650132557907
-30.214481122836872,145.84513897483313
-23.020181061841168,129.55891513233024
-25.661110210464265,122.90446987043673
-19.417277616959613,138.16708558720842
-30.425355737441574,141.33811329378344
-34.3201016457069,138.22004146883665
-22.07827865593535,120.21926186265436
-22.65898702767441,142.18425353023997
-30.416499976499196,117.90926192258102
-19.39913366543908,141.33506683969625
-24.301067425084923,125.40986809170349
-42.770908630678775,146.17498820316425
-20.05710907551864,136.86676213719647
-32.685234524725544,115.66560107070913
-35.7815544915501,142.62049777827198
-24.38559174599301,115.24181224910033
-29.552932802214386,144.95233450342693
-18.606652940638273,137.2691360875364
-26.669260418223033,139.56906948057457
-28.790248365400608,144.48716878707495
-26.120834256045683,132.72840371132878
-21.74237048665284,139.81464478272733
-16.415586105734114,133.5423908202478
-27.8609273321628,148.64872411256113
-34.14284372495287,145.46477416558068
-37.23876746694154,148.05935821008953
-29.311576406653906,137.37552372780053
-31.696900721282702,122.88344360281627
-20.511864119865876,145.3314378010241
-12.89583574400163,134.7876216072508
-22.124878910031825,133.18777520896833
-26.198410596183205,129.12975735740815
-42.45887865108204,146.9319066281227
-21.516616670460024,116.70041851978685
-22.9832664793361,120.13255640952035
-25.068813286019804,118.46367891692522
-35.464363243069066,149.82493893167376
-14.353118508200197,132.86133814230797
-26.762486556954087,125.76515025694015
-30.296603513593226,130.78096328668096
-30.673289875653843,122.3221641033851
-12.721825132112048,133.92640917269642
-17.648614949381844,139.2803105762351
-21.76738074336951,139.85529284449433
-34.14840719279845,116.9625516814326
-34.00124693858243,115.48205702525532
-32.42428094542281,118.07833081240646
-33.535223917573035,151.26775602524748
-30.61272962586508,151.4783087074677
-26.51598012847218,121.09333637700408
-27.374150457965097,150.06127407393916
-21.928694413871337,122.34899239275467
-15.510543415969593,136.18672260059282
-34.728791746606376,138.82974496874186
-30.866115899814126,124.11000976136131
-28.266061172021658,153.2854647543145
-16.44199725062702,134.75795389101506
-20.781615332562588,142.96296243603052
-33.085392904942296,134.2400095915341
-18.60488088394038,129.96175217776405
-20.310055550317248,140.4506287372854
-36.59756164125257,146.02182636490014
-26.82125682315089,149.77295885655388
-28.515044441247042,121.67577121989737
-37.835731845959,148.6190837986162
-35.90216444365092,148.7371036443626
-19.544238966889182,137.21754174304297
-24.611191966597687,138.87682411406306
-33.1780294400579,117.34748616288623
-34.98922456708235,142.46866675695983
-30.679712208639458,141.35792907619657
-15.784301910927141,134.50395806267767
-20.16951355512508,128.66018812827036
-31.98994872121021,149.18799095565913
-24.624114053933493,125.18875175957659
-33.665134920376524,149.1464897289655
-15.528787954957672,125.85570621372567
-31.082010209493284,122.27155428346497
-27.927011146744146,121.08706723114389
-28.948634077429297,138.8531671198576
-22.396155095555635,139.18490694076974
-14.244996453883132,131.7118596053135
-16.302953090379376,144.93783865355286
-28.858227946440827,122.07332900722636
-22.05221070266375,120.54844302192089
-30.50128065166247,136.0931341732915
-29.497005564604873,129.31534183020128
-16.41397313734176,141.4252961230465
-34.81990490495721,148.1930161305852
-24.322386726059463,151.68171997150114
-33.28686876910618,134.73392053220425
-17.947348095850582,124.96059702130896
-21.94293710890571,117.50568153434605
-12.173081700993105,132.54442212004983
-17.517614566384516,122.53118557089303
-20.737449754592138,139.74487937008294
-23.43110743616861,114.46081198618886
-30.18944637687705,136.94315863910296
-19.349098873036763,126.46232846767666
-29.754615711622513,120.25711664187465
-32.37095508087598,123.03254383427783
-27.13016782773348,151.20954676786738
-37.63585866237857,142.39565844324972
-21.06729338939366,127.19003037332668
-30.169826996693715,133.72386942092746
-29.505243571838797,116.51326360386614
-37.276061557492945,145.5881960068587
-17.853369266524933,123.88554269057303
-24.604051960519737,148.13067798018
-32.16849434166221,139.1576082837188
-31.56075925911203,129.2073077549723
-21.58222211527397,115.7950304524385
-20.893142752037484,120.88258752978368
-41.464940044415016,147.87704470612235
-33.65459410913684,136.96553244083574
-21.852778339147587,120.54737007115644
-13.498305864872123,131.7173068728909
-25.16226951289922,132.12642297287763
-19.720415961466564,136.17934111603847
-27.718068158757728,114.86879185471729
-25.313240553930086,116.67540574011568
-21.844488486921072,129.18112331662664
-20.98146769414261,140.69807652646818
-28.24497457921426,145.3783656101123
-24.769490956911326,124.54787891350651
-30.238843645766174,144.19843023682384
-26.1228570410796,150.45826577876514
-31.875367886991924,149.71758461917193
-21.598891197083923,118.29715299244182
-30.77898823028952,129.31871196659793
-28.94512146871897,147.09293461315636
-25.470015141194242,126.13533517841248
-30.270425033391305,151.83908576591045
-29.150628711536456,137.38739633074653
-18.327622935125113,135.90795002458893
-35.482331477048014,144.88436574657862
-24.871579719308002,140.68615967293076
-27.417792241969064,123.5430135571754
-28.04339294994165,125.05225445674694
-21.24788030102075,140.7021422430408
-35.35038983510365,148.19850571699806
-26.672504298928157,144.11927937809634
-19.884839671063464,124.51726231436523
-33.795056514133776,119.68713342902466
-26.70635232033166,145.43608480082457
-22.48889518533459,143.83871729843608
-32.342418784603296,151.2315961725822
-28.02174675561014,114.99285941646806
-30.71237337957315,128.88096351671712
-26.81513062494541,152.58551608773877
-16.949006926431878,138.32930547970818
-28.261210824186776,127.43670008590567
-29.181440972280505,148.110090200875
-30.561930747993607,146.73217031369478
-18.840199738194297,128.5603438853925
-13.495425497886163,131.0253848078308
-25.97168504393929,135.00144520980618
-13.642861580222785,135.54601676758048
-30.153932577981827,145.87622103193854
-26.184375915241105,123.60488465133808
-19.990654448788305,134.66863974131434
-25.39575860480334,121.44246610787998
-26.04732933700876,134.16934170988992
-25.155425883975063,120.38361388398071
-19.535203658510238,135.07676998126036
-38.77194201785467,143.44133433081072
-28.37713250211732,143.97656285456327
-19.031046364448702,129.72448803668448
-22.27609194815375,123.90845589731921
-24.808977084328607,118.67908926801678
-28.951399955425146,126.12592623157661
-26.92943637507569,116.58859701953216
-32.90539914506477,147.47880097008152
-20.686417956548848,130.93310818525654
-30.525617577702597,121.07392236554898
-25.89243557281498,118.97689848536854
-19.87205263803556,139.63220946936886
-24.693185127406288,125.04779597755888
-26.44898779965601,149.20720514274473
-35.35903667172056,144.72524258334613
-25.121115198772348,139.5697822967512
-21.616022913555888,129.5692722846138
-17.739385500646243,141.8223113238442
-32.00158449295523,144.05003909763482
-25.06620414023505,138.2728697825325
-27.224510936236612,127.99486016435405
-18.694288737092457,138.85361928736964
-28.823548695359307,122.0972783235953
-31.56725195023342,135.6222992238177
-31.427868061186643,138.96745846176532
-23.2074539759789,148.64934555960244
-13.148330583664759,141.82353483389457
-23.454389596893115,123.0396734654608
-42.89869779036351,146.4576261424683
-12.303535024868864,131.50960351435012
-19.1812330158262,128.92247988142532
-23.75992903121834,124.14697336992073
-17.126831337997928,129.4213948082965
-33.3067867047172,122.97725296729682
-27.262540253220294,132.2088909914892
-14.04077322173669,131.95971728324218
-29.094754251718918,140.8891252686942
-23.382039474090043,149.55024377710433
-20.970664226639613,129.59204728199202
-31.008596690206645,124.83974408303584
-16.7798205199092,127.04697728349171
-27.47468075603111,152.77493724385621
-32.56987544166251,125.36806222540145
-32.3228520132012,145.30277518993248
-25.323450169672284,143.48171838082004
-33.10758371840255,136.76603885462234
-27.27191770173728,116.08782373249578
-36.25224206393429,141.72205865236666
-37.60408276603542,144.19482452305746
-19.55351005026246,144.18708265688122
-38.1575260942223,143.35015739095687
-17.801046411689526,140.27238566252421
-21.647727589547667,133.98764093209988
-27.415884570629537,136.7881334921826
-29.187671043472697,148.67460764951653
-28.01071166670721,145.23866879815802
-34.45134644282123,135.67169140145393
-14.62299803864483,131.5519811270051
-21.04835873568653,125.51241401236103
-14.507686237372162,132.89779592489026
-26.180663307276966,131.86856158463803
-34.93511597196847,148.57725600068378
-25.814635429409694,119.8962109032115
-29.34093946351949,119.9343087456091
-29.097975197916277,140.1679465676457
-21.454570287653763,117.7458025112724
-13.537149087599122,142.99867127568209
-20.20258083281324,141.63373470332056
-22.32495099813547,118.95681335716075
-16.738709419457596,127.74808930513815
-30.94684215955172,138.44903221253824
-28.175188765508427,147.62028728039394
-17.298067771411564,142.33600413009697
-28.034830168885854,124.6283635716457
-30.171690798727937,150.68039581552648
-37.16224831824592,143.07664460780313
-28.171344367423767,140.21006677887863
-32.30068706164904,151.7179277370348
-35.71415429973542,148.38501040279107
-23.249050918497314,137.03745390985904
-31.6689599503762,134.58852991034618
-32.8461375057756,118.84529383088905
-33.78185161212584,116.53422189505883
-16.962824760830376,144.84239961586735
-17.834155959830735,140.6813065848773
-21.305357215938084,130.81322198120932
-19.304814845206305,136.60170685684318
-27.481986745601716,118.08461908479984
-35.145048315910394,145.8367376534419
-27.225600999820983,116.37103811445559
-22.69330494314357,143.57988407746834
-29.86598418930788,120.12638938852265
-27.649851817951202,141.53011004989665
-21.54315223732472,143.09705979124877
-30.861137951064286,125.97091132991784
-36.170182719488544,140.4579658168304
-42.782874968407064,147.47519276335663
-24.862421777165803,138.9520292931029
-31.09514735710171,148.806173262559
-17.48096817179271,139.25203373325067
-30.985399104251,133.5791046171415
-23.605072898278884,126.86759531928115
-16.39682316162709,141.7504837819843
-28.611999707598603,127.8381135600614
-20.903595531207873,141.34943163379822
-15.122251532363336,143.6917802432492
-26.852120814483957,129.52808671191056
-20.523464775621793,147.59066851323135
-23.455438605165085,140.97907665953144
-32.372328512553224,135.13683792226902
-28.55895781458056,117.18103844236248
-26.419345337514788,116.44150799618538
-31.833928463951374,122.3579104009704
-30.612752365492042,138.48329817291722
-31.997679427408208,127.82288463901628
-27.353858804298138,152.4271007035692
-16.068175023155554,133.73510963192516
-20.873586844677458,122.70323199431198
-23.554504428676577,131.7881013519836
-29.999503187278158,150.44536485795894
-19.80383995304966,136.3320680916388
-32.749978353073146,145.76890810700283
-31.830595937253065,132.2869299395195
-28.017975320354594,138.87902730388478
-19.279974677092422,123.76618484799177
-31.835336741618256,138.6862227347564
-13.45195679116879,132.8212829898745
-16.855971508977362,125.50703127019375
-22.02917945850143,121.35450795206602
-28.792369087822998,133.8207976371635
-31.84875788692815,138.91259565665484
-21.684403080311967,122.43169710423311
-15.233743037213127,143.29541200950086
-27.570051055257174,129.67426926084443
-18.23371111319183,137.6613546197624
-21.369318117213762,146.34784660687475
-29.9699327335002,117.38160243898639
-23.21619601097261,124.01423052097624
-35.658280359153224,149.6252134713306
-26.518864581641424,151.89692655044672
-25.621454537865606,133.78161843232257
-12.896446688950086,133.7415443120388
-28.958997716060942,144.83810675676185
-20.157064763156228,127.40260425225543
-30.988731264033927,142.50215419239782
-22.06599520125496,146.13176720970245
-18.087776576765155,122.91860900794272
-31.781370023457676,132.79371997338393
-37.22528747685459,148.44694511926267
-21.882377837490594,147.3121860441194
-15.349505024531215,133.78004824165367
-31.80908839439632,133.66431469508134
-30.086887349431393,147.81580092898872
-32.79492533374365,148.7968407655436
-32.74878830200601,135.83678841164658
-27.74723509113119,118.52985810073324
-20.57819398418294,133.29605637745533
-19.42357398492198,128.25330021321201
-33.20950785864483,147.35405350541294
-19.345899817159193,141.3545856028172
-36.9574563490188,147.17987021794255
-20.84125922340271,117.49737281289066
-18.20773476801899,126.73642605546667
-28.143519167852503,114.31329648752894
-23.810319319078413,139.3873103011358
-25.0120303324103,121.21380438375482
-36.12686408648314,142.6151523036893
-25.56111393659708,117.2319564805048
-19.320280678012367,140.97068778616645
-24.257753414711527,146.47187302179648
-23.13753225138136,147.491170292771
-28.678678732594072,150.31172210265677
-23.07529608312421,129.52563966615278
-23.64764877112798,144.07033626921563
-29.927491764018058,152.95746432459237
-14.267638604813154,130.3995392416635
-26.762528779102464,126.21934835256268
-30.58886109711684,142.14222039617601
-12.29223764352458,142.71908978484063
-25.80735114608387,135.03362512855443
-36.88546369320585,145.5386018983136
-28.162977055167698,117.88770294424296
-24.68479204402152,142.08712153375524
-42.89890809922828,147.75871584095557
-30.939679249319916,147.16736959218426
-26.029263767890303,144.77013166901537
-20.38815344751885,144.83347340770487
-37.18500710704368,147.93105020606748
-23.5782882036812,128.40521322785872
-23.475223944089098,144.38640563747703
-29.785732181203457,148.428057307684
-32.695376063128826,120.12054736355238
-36.71058884575632,148.59349645170252
-24.565446109753555,139.8884689568985
-26.73588704347249,150.86160186952475
-32.031421555171434,144.22797742255204
-31.21432701873083,117.80805309607662
-28.02745559299364,144.94522156765117
-25.78619627185186,120.95975457627517
-32.47029142858944,151.6412069128446
-17.115277032098582,141.92822742446205
-34.9003938326258,141.63047000745718
-27.00133266082774,136.03080953248823
-23.42454386797172,116.48245779142675
-19.282526017166923,141.6037199594689
-23.422745313609916,121.46297429908977
-31.583351059815836,150.88155581584658
-32.64670270701098,150.56493084354304
-28.96624811419437,147.15758283558358
-34.82150221542644,149.95807280977678
-18.837094063182576,146.2934797880078
-28.87550424734333,149.7061679460515
-22.652480676207325,133.01954204906133
-29.191803158013343,134.85501569063834
-12.89306990938939,130.7100918042514
-32.9268289041167,121.70682753516297
-21.773050952450564,148.6723954356974
-26.39053427631726,135.7375934249163
-19.844873489871016,129.62925826153057
-37.36893884721214,149.24416578597476
-27.493375803351782,120.43976839666207
-31.375184698528216,129.0375705782076
-29.525910049205176,143.7597292155223
-31.368550549478414,142.1031964977238
-32.27643069522341,119.17634169781425
-13.934031245003009,132.4150370244936
-18.899144239998,134.82911679210494
-29.79158408497157,120.61208239823789
-20.83434126417878,143.5862098611297
-27.42966421697019,137.28418660544207
-17.535064213809363,135.43562948198087
-33.274584496216235,122.28218635994467
-22.104787948689907,147.31341563297332
-22.986635926198378,144.42876114459682
-28.749743433770732,126.7251838424717
-36.280017283397285,139.78801149045347
-18.546405368938505,135.8765984989035
-26.246276747795996,125.34657610628716
-28.200087898265615,127.13530898342817
-12.61941944781115,136.39040497573404
-19.18197719783122,122.68073305817583
-34.447818617996916,118.88217892138923
-13.202193046906142,134.09051239897678
-29.076968195546563,125.68034590743771
-25.872286773174835,120.96903336030051
-25.906516293256644,140.57731712699402
-33.21622468671282,123.56708990060926
-42.766664445928285,146.6055951393094
-29.455823264306375,127.93688594624642
-25.009008909620395,114.63087061056636
-32.29177731413355,123.3589788501111
-28.74466246492964,121.73057189179738
-20.856173225665973,147.97604847865284
-21.56611499458247,122.50383995464543
-28.868306815906628,127.1452282008098
-15.410785670693087,126.18677030063668
-24.26597695329869,138.00540938972563
-35.3051516945909,142.06871346608904
-30.771456078540453,133.44791072979058
-18.539957655441544,142.3272984496728
-13.84352871028186,141.4522811172287
-15.398106502311137,143.7646675066818
-27.08361295399559,125.8499813623733
-25.855843665304718,115.33921667457068
-32.73316067777118,144.36950759269382
-31.301079571257834,115.89985291073012
-28.82092874035139,153.30814594047584
-20.925226836183683,119.75087111639681
-30.95292050240129,147.49563018527772
-32.14903214386697,119.06679726956153
-36.558327498645475,147.23282054689855
-14.572337744568319,126.28801200358625
-24.584181288778215,131.57297227777394
-21.892866018340943,129.36642684409145
-16.550054871973135,141.64724883381288
-22.353057950637286,137.3063460233385
-27.789251926355686,143.45627183599441
-25.13052727546029,146.86107370487747
-24.877482924574927,152.5006519996162
-27.17140428239184,117.05724833766524
-24.169984856988354,146.70366069031923
-22.60610577687494,128.48099237065168
-24.84082154412524,125.05804291048261
-16.78938791537062,125.55136734880432
-31.684501620377027,148.4049493053516
-37.24284375602762,143.54927443187856
-30.30480185563733,131.45602735675737
-37.79915774881314,148.16469368412527
-30.532875892722956,137.88020393114525
-25.603318494573273,115.0213866108319
-30.95337392847566,131.6818005409014
-18.522310007301158,142.40915398465103
-15.94479340824211,134.71623062704273
-20.510239745091443,143.9810928488975
-30.01489025486047,129.19587132057055
-19.791970084453578,130.12269511623055
-20.03498885737667,130.1130000632674
-31.44042401401839,118.84097877970882
-21.366249526235272,132.26288598998892
-30.59300724613167,141.30419342176
-18.210138206046835,132.30817065992156
-21.44425272291924,137.270833690316
-23.96795516279579,123.90251161884544
-42.544721575798526,145.68275151209338
-30.512020213555147,131.67328191677058
-41.200452827124984,146.86640723002336
-26.695444562272485,127.81109033604439
-15.681065193971065,136.27391326687382
-30.597193224694614,147.4210368050014
-14.510924979328255,132.45199585604774
-32.805062520691465,134.3817149716988
-30.802192218811495,141.25676384266387
-36.71167279846287,144.36744150400438
-33.341441505289986,140.52354578752502
-20.435924632358326,129.55039669984325
-31.559201919312677,140.1147693037751
-28.86301285784108,116.88551769377571
-12.110271112496054,142.17736022878125
-28.638206072421035,141.18203097435108
-20.44546654004115,145.7730477608256
-34.00320066434938,138.91537901234258
-27.291800048021827,139.38428997916554
-17.038674891860918,122.38968694258011
-20.471719852244544,144.33783814946648
-18.500513565607587,136.14428245517894
-32.24230186743238,126.83014213314144
-20.546320430070846,119.644830553692
-15.656918940358146,145.10780697563715
-17.44179429741256,129.6711720039833
-31.99759746205831,134.3757715660698
-26.23075502464124,122.95816625312195
-31.27359163493889,150.201058773064
-13.071246505588565,136.53209773873584
-35.699793012541576,141.80353118951388
-28.288180106312026,131.14488020026985
-23.726477593094423,144.34974342823406
-26.122301258563773,150.01499104101913
-30.33195264980708,150.48492546000125
-27.744291925910257,136.3098503319058
-19.164641591737762,137.65394657524533
-19.711092520661555,130.356605690138
-31.390004345031812,126.32197463200687
-17.634997181259212,123.30147058976056
-31.471596639705872,116.4036512898261
-19.17727148524847,129.13331288631417
-25.70517589851429,129.37351488444028
-30.559537876800665,141.11470532502167
-18.927421485255863,145.7183549431693
-25.464583695381886,123.44257041475376
-33.07880637082757,116.19113600334556
-25.667912197585572,139.52730862086042
-22.15522345558901,133.78799441102362
-19.612684465127522,121.64940993320334
-29.856429654843325,119.49954272561625
-30.98684653472553,117.10475420557017
-26.602074670207525,140.56821538985955
-18.714127987918253,127.87212098214106
-31.506376115400546,146.25369968699428
-18.605948868847438,138.57381314813125
-29.153468312321912,141.67768709849105
-20.683177464190894,135.36790635359495
-28.407078972846804,114.52870499779935
-29.66154073228717,127.73627355280651
-28.32219508199412,128.7723263857548
-32.72450107198774,138.41845945913008
-22.606865951384314,134.60846659976792
-26.464929791981476,135.4054928264916
-31.94794231094341,132.25841059678208
-33.68290636713422,118.29702155315016
-26.308777158891214,129.00336683368562
-21.894208936991692,118.20559227624044
-23.062137977926845,146.69363295097372
-16.480430896053033,126.22036110175465
-22.832166481982178,120.17023249587504
-27.601506475169238,117.50446108096996
-24.509021698265546,139.88394020316346
-33.46630380748881,146.65134792432553
-24.038355401077453,147.54319974532746
-19.552067859763884,137.19586591813473
-24.73447179601431,124.43099481599211
-25.64990917091674,143.3774423681784
-25.867376674013652,149.04166512661644
-28.10740259164513,134.3866410966621
-28.289785495432916,140.1205776225699
-21.93686503063249,118.09265987762356
-31.776099664881357,151.08873845862945
-34.61983014975734,145.81748802356736
-27.76693461367696,133.2880508151027
-19.964758575042886,147.6052137380324
-23.740643618174488,127.91078111314788
-30.353245058382416,150.06706228934524
-13.956286906128465,135.88753550324466
-28.550079474189538,151.6210557493497
-16.194741473986955,141.66312628850397
-20.954383660763984,146.54871582347744
-30.477234445742457,134.90251063043758
-24.69566325493657,119.98447208649841
-22.0106464508496,123.05730972952627
-35.68974759277848,146.88093864060772
-26.68762582487131,129.7989635206844
-13.676029171989523,132.35341171938728
-17.005188930234866,129.37976519347677
-28.10846393296211,117.22427028998142
-32.13928746573968,134.1552000788111
-36.63211170504266,147.7211629670916
-24.957052453933215,119.02409204229986
-27.232576915626254,123.14571331834702
-32.56683694225293,118.26727213075365
-28.206747552670567,116.93778876418799
-28.792299036017248,140.28865765218583
-31.701731568858875,132.13619541529636
-29.045963335298595,144.00185545530493
-24.829063201126548,113.73181210980033
-31.28887484197382,115.88007681233438
-19.122593715806502,126.9381492198338
-26.85605466370123,122.12749822223473
-21.77819491250451,115.43955524289441
-27.40620978378459,118.16057948699155
-33.63087421280434,141.9914955650491
-28.018499856537538,117.41173335588638
-18.375661678237122,124.33970710198429
-33.57081839186492,116.79133220649376
-29.06758349937326,128.72502177249726
-26.484350810445086,143.7973942617886
-23.11421251161316,121.91445556330594
-12.914515096699475,135.73021619181748
-24.334408161333968,118.19326807637586
-23.478163235614506,139.46580811330017
-24.886217903787724,126.95157905269932
-24.0566573768106,131.50571526396996
-21.749268527849228,149.38216614804472
-26.723976220006318,125.05385794382634
-15.645720432965796,134.00996204454876
-31.9105604662967,115.98703569852938
-25.788523485504317,144.64473347499268
-13.638487671046935,134.50073563397711
-28.154208595687336,115.7251311329333
-15.708770988810091,126.19227542144114
-28.827737449150096,117.82023375408664
-17.968010536040364,122.37335095103316
-31.826257834355786,126.65392595513057
-29.593308651411355,135.7387229263614
-16.82017346744548,130.69827692425463
-34.91255854364472,146.82952724300884
-29.210677864574674,123.53952477704004
-31.836941656184038,119.09653630401637
-25.98409893057758,130.48255123571678
-23.33058299372628,142.88981932923986
-24.51249078543661,124.25783434261724
-17.429930896026264,127.23899971067627
-12.363938952507247,132.30087992065407
-30.92743743418774,133.80358611896878
-24.478039642432897,127.1993965502899
-23.27239073730398,126.55375183814138
-12.629422381078541,131.9470409156998
-18.18108750885322,140.43181420643128
-20.96362107108123,122.29380206100421
-34.99323111505245,118.16595282662519
-21.42681035908556,139.3113233424013
-22.214536723111642,121.79642699354959
-23.839002374610935,147.35219002668998
-25.859947429345226,120.99802109156742
-33.368088859283375,138.89170335807205
-31.55805441545923,125.30929961060855
-16.49340700807123,133.9335870264627
-21.368620914622785,126.18795059856063
-35.79505070938778,148.70929836394524
-30.233407164754418,124.29450970894172
-19.879501362097344,131.41104543044156
-26.623941681962883,120.21368255754979
-27.96071365031046,116.18201337673123
-14.078831466179746,135.35167068207915
-26.890978002279812,143.82315310013735
-25.840313856237948,125.19293771125055
-37.317796299838534,142.62872813845146
-22.427981408976535,145.03796168454465
-30.094545880876964,126.98619521732859
-25.961926560984555,137.75419875249057
-20.177745744958376,129.25248233416457
-32.65244559506006,138.80218000166863
-32.14082636033945,137.07388449011674
-19.113078301308754,143.14596547454434
-21.083847432683346,148.24905437855088
-31.727175363802566,115.74358294670374
-28.856710539152694,149.0178351611582
-24.34323028592602,115.50362097422453
-27.485094348974226,140.74421141183743
-23.663957739734315,143.08163640586852
-38.77131525891405,145.8894965747842
-25.21631832556985,133.87208176763855
-27.337422828753205,138.09110302525687
-29.231231826756783,136.47759943628876
-12.296784868827288,143.05629949903084
-26.204092177139657,143.70800332213247
-25.222718603479525,126.45439871098566
-28.680138650476366,136.32110651014594
-26.63964978230142,141.65384125760087
-26.50552398722267,132.6022547275677
-33.46212075415455,134.9678879173877
-27.258048686557004,131.21274308035186
-19.064635692533958,123.95853064391515
-30.759564617488945,123.35305132760021
-17.129768411266127,122.99496304542996
-37.42313607141487,147.24157893444254
-32.05049056104788,143.27112408125956
-24.299249650947324,120.99693411056373
-13.061864225738187,135.68805933043288
-16.289832891336335,144.97591066359698
-27.00151849967669,132.97995377996938
-24.015233028948423,130.9412960214576
-22.706306871057084,125.62929868717953
-36.90219200282519,149.21020662000575
-12.590374478929611,132.58750249639505
-16.428653567679977,134.8261045945612
-19.71036069666735,130.37204651512275
-24.597357573678465,123.52918146413238
-30.992940100931172,143.51837614223916
-29.008690146944588,146.58031584487028
-14.717862038248164,134.458094960035
-18.46191880093813,132.49792286118682
-19.106366166510455,138.10241538516985
-28.09886072216991,146.41296678475598
-28.083580345854084,141.48933731463077
-21.982460371966262,126.91891627513546
-30.017641998263347,146.7419041304674
-28.800778193640475,146.0662922287583
-23.67082665212456,126.6707513647548
-32.7069436478519,136.36762176755937
-18.375879702602703,125.64911273643443
-22.987908144471913,117.35672663284949
-19.529948688488886,128.3395894509462
-19.841108514600084,143.03402414148286
-26.668640936726245,138.42796550168885
-30.3262496518223,140.09086347919748
-31.357789234260565,149.59321413210247
-33.20744677012987,122.98326055675855
-22.562118563503173,120.06780454431676
-22.518879568525794,136.38534210139449
-24.556410995508582,117.46076091180768
-29.73012923996008,149.3527923591653
-14.83591055247641,131.70582583432244
-16.880786667987298,124.58277834942814
-30.077230498967968,143.5439992115664
-18.914945041652793,137.4957047370023
-22.317977642829703,119.18978213302158
-19.672044617234874,135.8473384030577
-30.760256572265913,141.2164244579202
-22.111289772533773,122.57250982183866
-32.49489828502623,143.1076868508619
-14.89180132052601,145.23196172669398
-26.88706031145898,114.1295726412315
-26.809225906160037,126.26532243960742
-34.151962845634394,135.40087155577453
-27.729944736648612,129.84343505735998
-14.916486401550962,126.33123177037747
-26.204945077325913,116.82572415576901
-17.4698632178053,123.32406302795869
-28.936657645548166,125.3658522595828
-25.842934056723298,148.83041059644174
-18.828530595487834,138.99233312540724
-22.007634819342787,128.99541213064953
-24.8681300638035,138.06759920493252
-38.13245215414016,143.88215430558023
-30.133817744733406,148.8314259135687
-18.929400004028384,138.91386745183186
-31.134108711439882,148.41652931743212
-19.077605639192402,143.85714210303757
-13.073341202826139,133.81068949277866
-21.59622609618627,130.41380758628122
-24.771977468141706,145.8566239436729
-15.481313729470493,135.67322484856518
-41.842370622439006,148.0509769811993
-16.420836391996488,129.27209331941648
-29.934381694508332,129.478662583189
-30.861593765129673,131.86452665243155
-32.84536789803293,134.79676073113495
-32.35140196437602,134.5583429055623
-25.07766533727224,132.09171036119605
-26.170776476503626,127.23240426398473
-33.94352940500812,117.73415909086481
-25.081353995522786,116.4113332042579
-25.54537702496082,151.0915301961866
-13.48659824938768,132.2148855785424
-20.302373547517156,128.20383602464946
-28.71408276260143,146.68315951940775
-25.15632512620419,125.70156839430993
-22.488538162876253,125.1740738863136
-27.29146671246378,147.382445640418
-25.131618959386607,114.6919126333761
-30.928128376650236,124.47153312788443
-32.81583102176698,141.96660813809154
-25.37794923044708,132.1950632072175
-26.828565116197527,138.2176277835967
-21.38003960150134,136.77888164239295
-33.406083997881865,121.50827358577861
-32.548988694717515,143.36696963550054
-33.72927320002756,136.75718105638805
-22.316533215311775,138.4313470255248
-29.138030444955795,153.14184816449043
-23.047899344177477,125.32117662744496
-29.90069032232631,128.63472894242375
-25.505950776629653,128.79641654246967
-27.56086648462682,148.42025724977282
-28.74067514507108,129.25693909485693
-28.477671529699826,118.83668220145968
-22.376564410096403,141.44011301711905
-31.247604846242936,149.09288238682268
-18.160525275819282,141.33902224169825
-26.71532341333846,131.79250533442087
-35.43423688363069,148.92250122900737
-43.10030257832744,146.59842145246313
-29.904715492549375,151.38664664814934
-30.224061417028246,152.84279257838185
-21.30104576389549,125.88330520443135
-31.326617685846017,151.16981778800417
-20.083345736783237,120.80424896918828
-19.00179239000769,128.840067305459
-31.550665334549166,131.59464969591323
-30.154145235468185,127.37012624130325
-18.949070868664062,134.5736729867668
-22.15040354328398,139.42784504267996
-30.14226773097343,119.39242500802447
-31.62901433031323,136.1443876247804
-33.032924013545006,141.89484682483837
-17.162135374947525,145.14674683801974
-19.279731854936724,124.00647303177698
-33.54460545389903,116.21769343136322
-21.185703781209714,137.4491861541992
-29.164207705540516,127.7317410382603
-25.817777400642356,141.95499727209412
-25.718772089931534,113.5970698151258
-24.766861103738535,136.4831244544261
-30.464407278673377,144.11799040361777
-19.83436553884876,130.36005246754894
-32.744471761952795,139.0926597670189
-21.203320005790424,127.11934234833969
-31.5973154372671,118.38604944889215
-15.458098374162812,129.47275689214638
-19.482745998703617,139.85834917544196
-14.76762854446449,142.30011032214384
-33.149635366357955,151.22377012029943
-32.1808487412071,116.8188966743431
-21.312248044894883,134.63882056300525
-37.01640506739821,142.7631292206613
-30.164385629765455,141.3571948413893
-21.412446685128618,127.85695250455026
-32.391144389929465,144.62028537097302
-32.23742667250195,117.09498339058297
-19.33706385961029,137.1661590579471
-12.791004699974202,142.09080409829664
-27.623146389053,140.69170321169378
-24.17767435008686,125.4496210106264
-27.243989561949537,136.00122166592783
-31.710240569028343,132.57600317551228
-23.642363139871552,139.8930327508985
-26.70285033586907,126.72616944498408
-27.527611843186335,122.03644299307099
-26.76597823026871,127.75401666813792
-25.150940593136802,129.33737433716323
-29.79686295712809,127.97768031582902
-23.071552655121618,120.85652652271602
-27.274304336331834,139.0447065543411
-13.766199202367485,126.84984317164911
-28.850520449604964,125.85545335876404
-27.28428379911456,114.01233132852887
-19.494353244588144,147.48054740858373
-16.338845634368496,124.43339922405276
-22.2864028961492,133.7645030781738
-35.35328784143496,144.39577444371585
-31.781357437176542,118.5603388903903
-22.85757704064301,119.12813349008165
-14.44303494185733,126.7574303946605
-32.90984320390134,136.9948724201429
-34.18724199127294,117.46957423212311
-16.932759256834398,139.0043333234621
-26.27429779201826,123.11278934896737
-25.80587388478184,147.20330355416962
-17.84848840318268,124.46950169228579
-22.537136418278585,135.37239311053733
-29.651882637329322,139.71928349412664
-29.73371564377384,119.02889496040514
-26.41620873372041,147.38919079409152
-28.935608794124832,145.30971402044293
-21.44136953006177,147.8960478435559
-29.93625307274116,147.92184902182595
-15.14027231335313,131.00583997417348
-31.23301676026361,118.99822725915723
-31.934973632547777,140.13234839329482
-26.06308101112956,144.1120961112221
-24.51623683382038,120.14218116348745
-25.8858568377631,143.45321119189518
-28.0290652198492,120.56898682779158
-26.980506604470133,134.09737461724677
-19.331648067240934,130.7422415480146
-21.5334898815715,137.28753609337008
-24.58539351188077,148.12488663689692
-24.581267172589293,145.33579256494866
-20.042011459919372,124.44675233511131
-32.92539745424283,140.9933059981756
-25.38017319115175,121.61594817978019
-27.668517310424235,122.02643245744379
-28.906529872786436,122.27752061451825
-35.378370948931305,144.36205274958684
-35.39106814007263,150.1055496574434
-30.681190537636507,126.33225649551116
-32.382003147280166,140.60552588778265
-25.386249486074394,135.92798915825526
-16.248505995559608,134.21156054420467
-29.75337826829636,151.2444031900866
-28.586792129429526,143.5187069776579
-34.50436511447484,139.25102721404326
-29.692672402557097,132.4968799749085
-33.00230092741083,146.8879843674775
-29.26046140575127,124.0707709431523
-25.542595962627747,144.84943075378465
-16.641305735160792,129.10640277027005
-28.168548264089214,122.1791347565167
-35.694630050649465,146.02778432021572
-31.7566053450201,151.24941848169885
-29.558769240389925,145.75999675669019
-23.098041829715626,149.41250818384609
-32.439195891843006,139.23093210266643
-31.393323174321154,150.462096320499
-16.371223336250637,127.77533043286043
-24.348678392532353,149.53119162687238
-27.07535187675741,119.10385544459164
-14.069386505432973,133.5172306714839
-33.70522628577781,115.79699996562897
-23.707899509662102,144.79165121935196
-31.397938695610495,152.7135233800538
-23.895179667005916,149.43918226773621
-19.598150685569234,147.0508275851888
-18.70272966034477,126.43059343793625
-17.32046814197473,144.86832840330132
-26.773668921088493,152.76829181575937
-18.782810563493204,129.37326116578762
-30.01420581429814,147.93356444406595
-26.393508970233388,121.65460614677207
-32.762472166608,142.15333499988637
-24.461358370535297,128.27520462108532
-22.71134130017927,132.8503436086619
-41.96043478676624,147.7688921370105
-24.027702831568263,150.60338495581212
-22.048946387862216,144.54765392322264
-20.0260894964204,129.867848445436
-31.738908748131024,132.97725506616595
-34.70818927158575,143.91032309100987
-18.372679699483587,135.37517157664814
-24.45693819786201,129.1317713229105
-33.25034839212413,122.1250233108628
-33.75752749497261,141.33268146805221
-15.320103960945453,133.04819909833512
-38.35089955128117,142.52397492642302
-31.535810852681323,137.3265490352017
-30.687732798945305,131.9219329327098
-32.05463464064215,126.83809334511288
-17.96328408876676,143.1176303773053
-27.002303117180166,141.20945125520385
-27.925952546330027,153.09392973882763
-13.593717649571875,130.71213597116963
-16.44376796016394,136.71782767222905
-22.938301663673304,139.1926887429893
-31.337887219847953,139.65562305086166
-26.14422446997445,114.26513271304776
-28.408167019559166,143.68054559825
-28.45413898547652,153.56382592359944
-16.567824597420103,136.77001467211397
-17.379547083419897,127.78232066803423
-30.217906406999226,151.51348819299255
-27.78107453453674,132.46865062643627
-15.817961095027595,135.6146145482196
-26.7260146743067,144.71018320635145
-18.733510596887676,132.61404018070704
-25.975683949534595,120.7917369499731
-34.89578771149822,146.1840517807736
-19.910938101946005,134.16808330947637
-27.526283186351815,143.29603193335933
-25.125076739675265,136.34491841829646
-24.17436465932711,120.26506011868528
-29.68105034045903,144.64441172572145
-37.85577201583738,141.01841459474184
-19.988928059589522,119.3371170870543
-28.3413843118836,121.54260536607917
-35.210666040402295,144.06573699983477
-19.009883424767516,141.04753365429326
-25.87354850457747,115.46227723047463
-31.482374303396682,131.58497955406148
-33.760645267788114,149.54961406594492
-32.58587067523222,134.8437646425394
-25.034585448184277,117.87397302347918
-28.52743337032489,120.49255329250076
-13.880323141706484,132.31819512074952
-34.42016364567942,117.32226618728188
-26.72642417014712,147.31270008320595
-26.58460320371159,148.79663224178893
-28.832910540686285,144.81459485379253
-33.7360395356413,119.0041258427625
-28.901299500983384,145.32330597547286
-18.325007259631768,124.38141535868188
-22.114517790220983,133.0846704258721
-35.96568533550088,146.16053546703455
-35.59441492927481,139.2776762738392
-18.485998901355753,143.33261710171905
-18.533777945261285,123.23182505699731
-21.678630250136596,120.795034976983
-24.75565820826438,146.24461479554967
-30.6607025457391,132.89614070725082
-28.815903812644606,130.82715678488918
-19.756159306076935,139.86389266716455
-28.067960171439104,133.52534758933848
-17.233015935371547,128.34141923924437
-24.34582960494418,115.41092222006492
-24.201503101608857,139.35099853630544
-25.66891921012573,138.92845123815184
-22.940713103710184,127.97844614827056
-29.44582585983589,140.38417623934274
-27.290632270293397,134.50926956591059
-22.9659058447253,114.17373732331595
-24.984153366319653,150.29927708763654
-30.423017811025204,143.8083589308017
-30.04206781892347,146.0279035789964
-26.413143431869784,147.87829287080996
-31.47326552932342,135.43075871348225
-36.756343008104466,141.86663930001748
-26.146955937223158,128.60002105490884
-26.373876089706844,146.73151235076625
-21.901409741658725,148.9702166202795
-33.57070002093765,116.38879454925396
-21.24804059099109,139.3305248018447
-19.880436678513036,133.90665003859652
-18.769606645827906,135.08446037481502
-25.72780549482456,151.87036890239136
-27.988767663513737,153.4567286594493
-34.33104763146893,118.40072023133807
-24.160131597322405,128.34350960975442
-34.534132386375546,145.9298381338287
-31.8345962602925,132.44535025885563
-21.681646365070364,124.51505237273047
-12.316070774954827,131.26982604814077
-28.250247177041153,152.48252321796187
-32.093183858741114,117.06138607543288
-29.625930746325814,124.03154824086104
-11.38420931007468,132.18064871794044
-34.66410669855212,118.54844404828361
-22.742333197216613,139.2671576144163
-22.049386664961435,124.24222431537122
-31.44012957886387,128.81029157583777
-22.49932882187198,142.4291984975082
-29.441364060457023,141.33541827439313
-28.516546312802866,129.59592276223043
-33.78081535655256,143.2679184570835
-28.730416623032642,114.90380186760437
-23.911878530449044,139.04529493745648
-26.18029729239629,148.44639963890788
-29.162324939827478,148.60552668631337
-23.64300630462905,136.22258593603044
-24.889673222539237,138.87523546362397
-28.82884317973282,125.40656682852881
-32.10961609525464,137.29784725804015
-28.56710911385302,137.83613827433402
-34.50010381588752,147.8323542940087
-31.446262861141008,138.9319683405629
-19.786913599189663,123.98765845112521
-26.726017454166843,114.97967660704231
-23.363614228315157,126.45280633338463
-15.128411102603259,135.3035509594494
-22.895965263207856,129.80598933869777
-24.023231638822836,115.29173150256689
-30.927136653222515,144.4146028291806
-30.2040578142229,150.69099419388888
-34.47799983224138,149.7400274469255
-13.866906629542306,135.91365290695666
-29.069171960384004,120.12662238395274
-16.799984669523297,141.12510659007296
-26.41487496510434,151.48735827864218
-18.366801124303226,140.30088239797558
-28.220641805380417,149.13460512343818
-17.38378463893183,128.1252028076955
-28.204037344598675,118.03306324770118
-29.755786832839558,123.99870217429864
-31.023491257451287,121.8879916581715
-30.96472500437835,144.48476685504667
-23.730307994000796,117.27095408362102
-24.79702149964116,117.66818280895086
-35.753177962851034,149.38629231859082
-20.992255799358773,124.40072880104387
-24.239868382620205,118.17708107626824
-16.096781861890086,144.18317687114236
-23.868734356483756,133.22741333098546
-20.84854386921267,144.94508178132276
-23.960373233829223,118.2962286530898
-15.76247168287943,142.8243682521724
-36.93699065642801,149.7288015659524
-24.684247084390144,131.88089715606156
-16.752883663342196,128.88435260547692
-23.93772908333714,136.61742117804377
-22.926438039374837,137.7489540975678
-33.99538196870341,140.20565962422376
-29.80272806523371,142.21109912248397
-23.859664298191994,114.12310175140284
-32.51203407771204,142.04044020135794
-31.647643607020136,148.82013384934498
-33.63355532546448,145.06917961477137
-34.71780734130427,149.41478814081785
-30.624692819799343,121.55475955646412
-13.994910917280631,133.81202878403627
-32.55584066717897,121.02329532035588
-23.481789669040637,135.9507867027737
-18.56287477262505,143.66391600437908
-25.182348034029708,137.7591570694619
-36.26765629713016,140.2854227711045
-27.68298920810851,114.37626282539716
-22.117396740838714,145.65536591491667
-25.879586690390763,144.91757015220927
-33.461177966091526,144.8332791843241
-27.89921958608042,114.46642398119427
-28.796823184327607,133.39129348736546
-27.460130586849377,119.91673374793808
-25.402170174768404,142.19052411420833
-32.49638583669383,141.18966534944926
-13.625718977891587,134.19271814091852
-33.29873749921164,139.1548304897512
-21.83027427381953,119.6009942422453
-34.521031097490074,142.48617440977608
-15.715368398466932,134.4167565166453
-22.506256207798472,135.37131675409353
-43.128173977801694,146.5928452571761
-34.48184314460314,137.59483756645537
-30.801369222848216,134.1633526526611
-21.282837388505392,146.1483332377325
-15.132054999266689,125.95124591877195
-32.784333206250686,146.65687605800116
-32.29918673310966,127.14012921639652
-36.43650583183067,149.4759535210004
-21.031109854623374,140.95813372532544
-29.468088030240985,124.94998615881885
-33.449669561319354,135.47157179407412
-18.333070212636777,144.19749365502895
-18.73667992862294,135.03139246820288
-25.117692021981757,125.80234101680352
-26.418841703946907,150.59360104925887
-21.085809771281667,134.743085669012
-31.412104372266256,137.26598008602565
-35.48491830440095,150.2662600288706
-25.46478859288416,120.17214551314578
-29.00855376462271,135.25574142616867
-29.30554528832195,123.20301948228882
-30.86211102017119,129.02353583331464
-17.894009707925058,139.3401427199575
-33.07286222765827,147.82871283271845
-23.89656228185113,147.7797283293195
-31.148272023392806,140.38375810836888
-23.589850203665467,146.33031979116305
-30.270158676758818,120.15631728631567
-24.133354076756884,117.28886947386937
-17.39757583423982,126.35567234177482
-29.83453020451074,125.74926683635087
-25.10444794426177,116.76523892094728
-29.740538116664265,134.53584282488382
-13.664669972257656,142.57209109122383
-20.47415217731187,124.21199356920185
-24.120322522743752,130.24467455015113
-26.422627984613374,148.72600792710077
-33.247905292207705,140.9685893041175
-28.713493495775886,132.61480735623877
-26.7947680612633,138.80760035284393
-26.044221348289913,114.75934473928366
-33.93391580929952,150.2384991213978
-26.711125637038712,139.5858875622057
-25.030141310330908,137.48285357567013
-24.86869305209778,127.69320389829254
-36.96064089172656,143.37340218100599
-22.496121463683135,131.6253824516394
-24.516639991784455,142.73045013501473
-25.436152927709426,131.501895770997
-27.88315335409406,122.20645763931734
-31.489758932604353,135.15957171604202
-31.977890496626255,147.95671206922995
-28.449145289608065,144.1828311350816
-26.64972206624668,130.64312687890484
-24.116902745576667,136.86914094075138
-31.05242074279593,131.76071567294565
-28.268969309363747,148.02709891651617
-22.47981836818946,138.7647818315266
-34.86689757376183,142.2729276933265
-19.981439002108065,126.74747284057864
-32.01113680791356,139.60417193644466
-25.654149895305306,147.86620567582167
-22.509362870349904,149.83174204880427
-28.817372026686776,115.20738342439529
-33.27867344175089,141.94055045817674
-23.256507148117972,144.26640826794727
-20.475996514715124,127.44959682970268
-28.00246475494049,115.9935586512504
-21.437587985732723,117.27215917875844
-25.325874205511905,140.07504458644368
-28.79525554358903,150.33167795541365
-33.58904406653403,122.08704405809789
-16.305205252291444,134.19824296193687
-18.22970855731513,143.1384631815355
-20.742106972044652,122.02592561595856
-26.965853149020994,114.79271837279747
-24.77206794293968,117.19431999962738
-30.392471022640493,135.40481231407958
-27.815177843773178,144.87114762695398
-43.220559139602834,147.82879712416002
-17.565099853574914,137.3421766122337
-13.68931123992703,135.56872031710287
-22.01347413532677,136.86500219183628
-23.200528716361028,148.93487964819096
-29.655738653673033,137.2719590448117
-26.602133337046574,150.52173271082492
-26.886959271111593,146.59046853402094
-37.59625905787171,148.00905589206127
-22.507692070773867,124.77757384731808
-37.632895163758484,144.10372168996648
-32.38675853242375,139.90429121025852
-22.544136315114,119.29602515352124
-15.42913609960318,134.09508994329272
-21.535930437509545,127.86303270009303
-23.419308546330036,144.16408662618622
-35.09510542132507,117.5572758823137
-32.81915241861975,149.787036327306
-19.80315558858188,122.37696835067729
-27.457570946835837,137.38115364653262
-36.140625263800544,146.40779947470116
-30.29220636575768,132.0175671289024
-17.30255210771484,125.28907859139241
-25.959233953397856,131.2754171351826
-19.47215780753459,134.96181925593388
-27.85899467513719,131.54201569755503
-24.489114860901463,121.84537092846958
-29.847210085802992,139.4986912601615
-27.706237378336496,136.24855250025334
-32.42879995182041,151.54978999113237
-17.13991361369081,129.49873801615746
-17.283519500682143,128.49734430926802
-30.465759255858266,126.55060969508148
-23.58659180417829,125.79660130310572
-13.01583218660965,135.83083977513365
-21.783022373738664,137.67900519529104
-23.561620827619116,132.28058710873617
-32.20411200099852,135.37640194312502
-21.14443912904923,116.60269093809734
-37.1574387482199,140.11926253405358
-33.387771622614466,151.0686666693087
-21.729921793797818,118.03066839771832
-14.655125083088699,141.72679900457447
-21.397061950308263,120.96356708298195
-19.53987101684441,137.62122584766968
-27.403341012149042,116.58545630394087
-21.99201658065213,116.79985050992144
-27.26929031318903,132.92801355637977
-21.48623309998781,146.58064367984576
-17.786154701382102,128.5784206007172
-18.28485745089712,126.54228757300234
-29.445833889605197,134.95873251245382
-18.141424924302225,130.5310314916395
-20.167430855562767,129.3357378663772
-17.97173313871557,139.8087316771066
-21.238578607950195,134.59410755191925
-31.6081256468353,151.33836699400715
-36.151159529409256,145.36930527830506
-26.807196346726524,135.83371723667645
-29.409503559721458,138.3287932125861
-17.245046108467527,134.69619559797857
-34.426138311696825,149.93246273626465
-32.89580557358319,118.12552302362197
-36.64346192269,141.1034827817931
-20.235555052546967,123.55926076465127
-20.930589821878826,124.83940407779895
-21.7456250158456,123.57162138180996
-17.753184627587046,126.5611913394028
-24.85363502985832,124.41159345493189
-22.716516001305056,144.3098437373213
-24.00361168819984,124.16507778280432
-27.273907085253793,151.2780046718348
-38.4377186869081,146.60381732400492
-23.27386967702059,115.60934112670326
-28.20646885275417,130.95228065415185
-20.456736629491758,127.03183551054168
-18.09866492922718,139.39915254796566
-32.72149174501215,118.72379092829577
-14.198290047741569,134.74335180690792
-27.883221242487952,122.63612968087914
-20.360999210454732,145.57280760001134
-29.258752193324625,146.5176708755439
-30.81262441883045,128.94359671890703
-34.175500631060075,140.54028548736107
-32.336114347115746,150.97291774616912
-15.446060020286033,143.78928568831395
-25.21011433818117,116.47949831347591
-36.97801798402247,139.95999780776262
-30.07568178766581,151.18654871729592
-17.605196874988366,124.25050094437175
-34.52410231923544,146.4059840294559
-34.644885072928574,150.748706437049
-22.513917480208924,140.20091084746036
-17.57499540778497,134.8612052114401
-32.35153794148608,145.0653767624886
-32.84013134250068,119.80585984910523
-23.566117257021485,133.2594740931008
-17.81476108584709,126.20097072324224
-27.281875550335037,145.4853957942616
-20.018725692280093,143.99514045877996
-26.983758399124323,144.717505038429
-27.87564857929336,138.1421884063595
-37.65851051756784,148.97026199948957
-23.112462850603777,114.84106329598822
-37.37065582061473,144.56777781956202
-36.653097678446265,149.15428144871217
-24.797875589104375,143.07539948306157
-15.398153940010157,144.20117535961867
-26.35793336720724,141.76175671168764
-19.14029546364469,121.81781390853085
-20.4699820820868,142.3764790642811
-29.259257778830218,135.63823278267472
-27.502881518011122,116.67270592060649
-30.521823672746123,136.04100376959582
-23.73253183220555,146.58937711993977
-19.065911192741037,146.44551982644853
-29.204362735140226,135.8266632681542
-23.343136376301615,125.19430536423621
-21.002220410970637,116.07654226563224
-21.96722415366047,132.9061375776314
-35.9357970494041,140.9197181262202
-19.409228984109333,124.43088712044259
-31.53045813913694,150.92454136405166
-19.402944867655894,129.8222341505089
-30.212346166582655,140.03783715998767
-24.878734626956756,114.47961901707173
-31.436211072293702,127.66856579805778
-13.110925899872619,133.93932663421455
-32.90485885656161,120.78353185893805
-20.21483959290825,133.40066334351204
-23.481079921296317,134.8486754396602
-12.71140505219639,132.776951972195
-25.650815105948265,150.54539823415968
-17.22785610089776,130.84055207675652
-18.650882144338343,139.17533752398347
-30.71662909498422,147.84402412001052
-33.82504082612264,146.37760163747507
-23.37838678348543,114.09328594517505
-29.1829352681857,120.44479439940363
-23.44558779686911,116.72498543338469
-31.280272717372277,147.4496795331799
-30.5850567776344,119.658589232108
-22.188238976249664,136.27845026040066
-26.278314110824777,141.95573543101594
-27.29959238727575,130.11685863031494
-34.14960153560988,150.38665295905545
-23.218413398586865,141.21747493169826
-18.83780168486748,128.4318002366544
-19.755460088504012,145.9319950014243
-20.950325819463103,131.98175348437564
-20.410216118303293,125.14452581448398
-22.646241877070942,139.52845800518804
-26.038392241798746,124.28432048163424
-28.771380664277316,137.13559290646157
-26.63831946340871,130.0570404019942
-27.230989133184217,125.60235290236254
-31.83579578043297,150.06565158353203
-24.341661057970338,117.91956659184378
-18.711441663132323,138.09183260854357
-25.187094566654824,127.25336599339524
-24.204695078645912,133.57219390837236
-22.77400437406391,139.79741799144074
-31.11206344214695,127.88743914001878
-27.503421454097577,134.59490129431205
-22.30072040005253,122.26907509226515
-25.825101077587004,149.06773701880672
-30.52082342716021,123.52622065689683
-25.010685982615257,127.34138712479773
-27.50282577451504,151.5324432292283
-19.863707047555486,120.5649853400231
-15.179838958204417,143.8058864245834
-13.258774776758425,134.5382384611346
-22.991480511100864,139.29995619054998
-19.875980031854105,135.28643245779656
-21.73564966965404,134.01088701450738
-20.30620804175639,130.41583571638958
-22.515775053937478,129.2730626599704
-17.000882052932933,126.02698145577608
-28.351443877360005,115.08687209877677
-25.17888379736069,131.90912196213043
-26.543178887292182,124.30542655690911
-31.793568795159317,149.66988735803238
-33.52291226390868,144.05517428749457
-18.12068921164355,139.45845500228987
-28.32363912482176,140.59558747192187
-23.066728243061938,123.7291313255947
-28.514917962833707,142.41214304760024
-28.813225921969583,115.730522440304
-19.031606337123073,131.82071356149572
-26.062401452800355,145.16385821635242
-30.50694923653578,127.54804157259017
-25.176105228727412,142.27436722714293
-26.873608526930155,120.299946798705
-16.881581825160104,135.9258937287883
-21.93788343368478,131.9487942608116
-27.70968325307406,132.99968870162945
-17.434334782293003,134.77230679072792
-30.62173646711809,118.49904912196247
-27.94962964366617,147.92089754136546
-24.520796606660628,141.23704439473457
-30.97403315622098,143.30513712546764
-20.480345923868633,119.68873926296953
-25.11939533626782,132.32848350951494
-18.406101036357537,130.26979804879835
-26.67832886651377,145.04922980811313
-32.15439520914586,144.84406131937487
-28.546638237608246,140.24048821280402
-26.112602817657542,135.21769817569606
-20.63437658230271,120.38853662127886
-26.677925448307096,130.7652066506722
-30.11118124708546,127.59983693106199
-25.602172545430346,124.09849458304426
-31.03682462008035,122.0255541647107
-26.67765262090407,143.4333746073264
-24.83280992439259,128.5296897800844
-22.63023897734011,118.090194102589
-31.818545168904677,134.33194718535566
-24.279956767791354,143.86563935355278
-32.631280166603105,149.29377643034314
-24.903354208972168,148.8211103738899
-15.934187036696663,130.39858582030735
-25.90175459733106,114.8901317372373
-25.510820861072066,135.9958637749046
-19.042205629224544,143.68621424612593
-24.685864720812994,148.13348472192914
-33.79233468935058,116.94404817648028
-13.463168976233526,143.0566856509425
-31.545290570809968,139.08189923873107
-26.160120947713565,150.60826922990543
-24.724194961664708,119.21281903492644
-22.307435331816304,142.37283698414123
-25.740974276608053,119.48794303059816
-32.820784992865526,140.23542222681507
-41.093863967294844,145.43865704769786
-24.30993348942583,127.61302862081472
-32.1930584382462,122.80354826204373
-30.668670802414663,142.21983481118286
-26.553007606486652,143.75172732886676
-28.723668894508975,126.64690421356782
-28.463953296232777,132.53936537429095
-19.413204890983245,137.79666439047466
-22.30001771531792,131.45534389373256
-32.455956009744355,134.81903875690583
-16.175732158569367,132.20488975236717
-31.77274434821014,140.68925275446873
-31.357398213870344,127.96374296406992
-31.412183615575252,138.71673704315194
-22.036897309686,145.40709625673335
-25.640616924614562,137.11905425934535
-25.614509308390172,139.65675330744543
-15.529670091687322,128.56740273408343
-17.73752697736741,142.00934429129867
-32.980135771945356,137.41056196103222
-16.104628982309354,129.57658441150048
-38.14451469081214,146.48916387995294
-31.570468249685113,146.92919627342872
-25.170874977006346,139.2674532987128
-25.94186167627466,128.960212937003
-21.68764252996978,133.26664274242503
-34.40916599816116,146.3685939225303
-28.892937721851382,125.38510521508073
-18.703216919348883,130.45978718102376
-20.407190757891104,128.98359627217454
-22.264130864293335,139.8321075053226
-29.213413936733858,145.1957952601261
-17.205655528082872,128.60700530943782
-17.044081449399453,141.86355598974114
-29.2652250056305,139.308282289892
-27.906309255609152,150.64453806184196
-33.87051702669058,148.1079523654866
-28.737853866831582,148.00248416697247
-31.538675940606566,134.54437440338612
-33.73780459859415,121.93830044135633
-32.45797470718337,139.85777236047323
-42.758882083879826,147.77710695277318
-23.54980891198344,136.73771403413787
-34.5196399103053,135.27612207346206
-15.629027749775762,142.90085293055517
-22.086971928889376,120.68281543284391
-23.90871644684811,133.15672788623837
-23.219417909771053,142.98647431019333
-26.676095872084545,139.08465614299848
-29.86390391394194,135.18103314790187
-36.07499083486722,142.2539742422
-34.46956294448286,147.24387097164396
-14.05338016434736,142.0529880774709
-29.036476269948867,132.78979123921553
-12.545336142933216,136.36248898202342
-18.96589696564663,134.410032713307
-23.600649710022104,126.54661268632286
-29.250511898768494,121.10475631001208
-32.293252400330836,136.3399073237348
-19.989095547972447,142.39942231803494
-28.09206027188865,136.37189828101336
-30.65369512092422,124.67888552717537
-23.717483532897315,141.3010926396877
-26.26795057094572,149.29992595435962
-26.08269550954204,119.67070029991771
-23.256628008544073,119.58918265527029
-26.807062917489503,132.51961309752772
-26.967995413878985,130.37608199471907
-31.85357446767566,133.41636932413434
-15.689394799029632,131.01613209361926
-16.56934574309106,137.42015298113472
-32.531631309022174,142.75572952332652
-22.427322038550056,146.17777480968704
-26.42282503866267,114.98915939551297
-27.274730234556383,131.30288579456376
-27.754825570403064,125.33125934160273
-29.34357952442948,144.23664094312718
-20.08645568483226,128.44768972823096
-20.52584548358975,132.94207116426207
-28.448779914480127,149.49320250656098
-24.473488995223086,129.87361906510668
-27.357011190077618,142.9084708405815
-37.210781777102596,148.69839134131766
-33.801624090455675,121.8889002927446
-14.96851517360804,143.46745997830064
-31.070182816024264,128.66820013300398
-15.80083641876286,143.72726811772466
-19.2890994230612,134.52744195816476
-16.9637427239968,135.1730034965322
-25.723759926654974,124.5732348135149
-37.66872749263794,145.79622955494943
-25.957879696769922,148.32743661948768
-23.06157338517801,141.39782194207373
-26.253273618164588,139.54606711376204
-28.88273493519005,132.89229440018255
-22.345525707466912,133.4083591583426
-27.412843346423255,136.48452084395046
-34.742439596854865,143.58938465025113
-37.36633025949203,148.28971789484262
-31.522474567080614,118.85120032813899
-27.485080766534,123.76749336962581
-18.715067073810687,122.13337401171138
-26.269818835140924,147.19507685596147
-19.1704431145599,136.38936478995163
-34.77790002545181,140.16618572263377
-15.78985452825264,130.02701030486085
-27.24573065349983,114.97693392500994
-37.97369408560478,141.65079718603954
-33.59335830999008,146.93563209104337
-19.780485983723516,129.18214222066666
-32.51031912341375,145.30484478221058
-24.905925538073216,129.30309693823017
-35.75710640830765,147.02066680648136
-28.174522972884013,133.10239421697761
-23.473667825269978,119.31900221283644
-17.554898046096316,126.00058954246127
-13.583817157052493,132.78835415846692
-32.28316742060572,143.79400744703605
-18.799904843388546,145.64914979001435
-26.033862881772954,132.0045346674217
-17.846707432370128,134.11933470103975
-29.939061475737077,145.40444959108441
-23.04397332678072,128.8370693339405
-35.77859882655314,139.2539263927635
-29.75783511183382,143.4956817048085
-27.968728685236655,146.63098908704205
-23.67479631658429,122.94029390396206
-15.259989397894593,124.99951171245507
-24.29426430613623,130.22507745271244
-24.921191381006132,126.7747329022376
-22.910048279123817,122.79158083572409
-31.373356336176165,148.66866554136385
-19.145606875077263,128.43170196822967
-15.543579099500242,130.53413698747488
-16.023811594741108,125.9536164202387
-19.636341800492644,126.97270881813125
-17.939678023939795,137.9302571901823
-27.158836001082626,120.2624541627606
-22.870176420057337,137.6900149412965
-28.777293750136224,141.09808432932192
-12.434803553113003,130.64069827179136
-20.059719659555054,135.5269935856076
-35.250749896546935,144.09780568785607
-21.235969749575574,134.45477191248062
-23.562315098271995,115.99600424488251
-21.94843360267653,134.10725720243883
-31.27753705587137,117.76748695165712
-24.325325885152203,114.18910207459491
-17.40304920531261,125.44920744943587
-21.549548639766677,121.70171065116543
-29.89383240139679,121.57336695295746
-27.697023461147385,127.10630004909132
-31.85697511123346,137.0306291922871
-27.305430253431883,129.98000639461736
-15.347953728235726,142.03539744600502
-27.653083020599315,122.31660982210717
-18.67082399394588,122.7373742182055
-13.555631278873687,134.39784291611159
-33.694722011016204,143.1709838494937
-18.687049602111607,127.91576883726326
-21.559126961525685,125.476666454258
-18.348925588568445,130.4267641544597
-20.907732089213486,121.49357089878785
-30.089330361203075,143.45039327343807
-21.539483782479692,124.86944405594605
-22.862142389111767,120.27595772108403
-19.635904325344324,124.69198219238231
-31.325259505537005,137.264525658677
-26.575638454017042,125.24094232875525
-19.70933089774147,137.91261262268065
-24.407969952562798,146.7906347226547
-31.01121601832724,139.94887266477772
-26.28056824350205,146.5494477825601
-37.28452529137919,140.94250323569491
-24.71481026186311,141.45118718668485
-22.614452362635923,118.35600628626939
-32.27279012237584,122.62110876128916
-23.391208608627927,117.65698867689733
-23.514730668461347,130.65654002591722
-25.050719617602063,143.4960866693086
-20.95116172122109,140.4099603807339
-12.795650743494743,131.64343381907267
-34.49998627683698,140.45444405401156
-30.336314681136685,120.55598750368746
-29.396372350979625,139.61237318033818
-13.530861445402355,141.54302423408234
-19.241777832166964,146.9877662210211
-30.946567271778452,120.50590786873545
-31.163647158019508,133.14772369938478
-18.142996466627626,130.10065190932988
-29.035919664279888,123.18495869280608
-35.720451153261294,146.61860927465082
-20.64167332537041,147.54465349185304
-28.723243233837994,148.65475326370233
-35.10542185670513,143.11675237470743
-20.99217160569985,140.2877081870244
-26.08854872615142,121.03258351360074
-30.319533439898063,118.2724687962784
-29.73521992357077,139.86904818819207
-28.68430756627795,153.07708359519768
-26.455658345811358,135.07229728748123
-31.565755926054816,119.671189309864
-29.407027681499265,140.9409456249934
-34.74482246374338,135.72361654475642
-16.472768178557384,145.2381880950034
-22.37218052924585,134.4626696709546
-24.870097951604023,126.06648943067496
-20.468507286078548,135.75080712330737
-37.541728736434116,143.5927188331571
-20.73015255768189,121.85296325691499
-23.277021946529324,133.9981468810443
-34.748571665902006,146.03353635562223
-16.4919358515766,125.23339799906542
-25.030076375729568,139.92354600541194
-22.396529209267413,148.39992175200055
-33.07634064611626,136.62491636583604
-25.16460272483559,134.24943583959814
-18.134460886385863,131.76026757637777
-23.26273805528891,123.30653985286222
-33.41944340229425,149.47521334654294
-24.152399635230864,140.22535502168625
-24.686871586922305,136.63179970638944
-30.475310763361506,123.00571385941063
-24.747139183769892,129.37457033020834
-26.13911759472263,138.68393709407636
-31.11622585739397,120.29995817760877
-12.667023261190074,134.11748366828346
-24.037742300067176,134.90494527123656
-30.00848265075222,140.10044906175398
-37.23571503121421,140.9920873231112
-15.760672666788146,134.3227736178467
-17.502678409480144,145.0964566682434
-16.74985357593286,125.71638516996352
-28.381044400282263,142.30724811945512
-19.300015889011398,146.120707817543
-25.259776712207923,122.41190498217746
-24.795513822109477,120.2851207542395
-24.801451960508736,132.17002316683408
-29.210616363590354,139.08051424379596
-23.30132918632035,148.97222195267315
-28.990563532583145,134.05941282409233
-21.17800306191461,119.96809580608794
-23.18235429982854,117.90102491217239
-21.41562643437849,127.6359451084219
-23.936784181822652,124.62100747954982
-25.69050915509823,115.67964267932447
-34.83379287759379,140.82669290632302
-31.218891394486484,119.19731435762651
-30.14634440974001,134.32771329376715
-14.537287024218461,133.52411637371526
-28.31472987138598,130.51859781891778
-31.98409227137808,138.78429115050278
-28.200290534164846,146.00725471924943
-33.83420206160113,148.2589334835496
-17.800597974933474,136.7071192133031
-32.66784805397618,147.01317578975235
-16.468122279827526,145.2849613217388
-20.455568382755725,148.17129799065538
-32.75513682498742,146.77579874813134
-29.116305106379883,147.5068474406914
-37.520496776569196,147.4645526889514
-33.81182496877454,143.18393051762536
-30.081685585859177,131.56687062396244
-20.6982989512536,126.96084626146629
-18.206961207267636,129.01619440549456
-21.581535836271076,116.64879865811764
-26.01984331045418,127.44569643136579
-29.646732538592374,118.57137517838959
-37.75037140223954,145.25124118609438
-27.17905204806546,114.25575642627328
-30.24157096278149,124.09768711869371
-23.04312820680921,120.58839580170405
-35.928116061117905,140.54619165440616
-25.344358705228874,119.29309640302336
-25.69215783942943,147.56893059081318
-26.76547956223307,144.97867799321156
-36.04888885127146,143.80116305743422
-31.32286824309267,137.7701567773485
-16.57646455188445,138.02211078530482
-26.18909566384806,117.1291647841825
-28.97829985836433,146.94412535165998
-24.872117825260535,125.52122587890344
-32.92621029294651,117.96933537391881
-26.72579475295427,119.08296801821531
-43.5124967062351,146.1434254700703
-29.906099963276638,131.39722192343282
-37.675119409605124,145.16677850379867
-28.07362774334343,117.38491424036694
-25.727964776100137,138.52365574096282
-24.36293495808621,148.84342281621133
-33.34973138988308,139.2302488924726
-27.515501667040283,132.8510502769586
-26.206506226840492,121.61436097939117
-33.34350454799688,123.19085235112385
-27.568845106039873,140.27997778224827
-19.290320190459123,136.82783183623616
-18.686347311065905,135.44702516549773
-20.185866965268794,146.14443331446373
-32.235922712545566,138.5046719543874
-37.06432781697598,141.7183987742307
-29.53266502412532,125.102591041263
-31.714153918089455,126.2448403582759
-26.95585859996607,150.8474844369729
-17.446487974291944,142.87512764008275
-13.192047127415183,133.54080823286927
-12.345683579339116,142.40141871356693
-31.503066342503523,125.86917242925549
-37.79385507421975,144.33658213077211
-25.766600864933046,128.68495800826435
-24.311575386594875,124.4230277464757
-28.842696683964142,143.24903385232892
-19.07994611147883,132.80394892928635
-18.237201503729963,124.63408372655356
-28.30110527975608,124.82063480390906
-22.671513675076238,130.0592046809087
-22.0026180428626,145.1171401698261
-24.833702923034593,150.84825494113997
-33.25792930502691,119.18488570230778
-17.667481261461994,139.48116971817115
-28.673719970418762,127.14997369296145
-29.892160452685406,131.75824176401613
-32.288885318584505,134.53543912787623
-30.390531900664012,140.98548595389536
-30.64251268518878,121.62817979694869
-31.46589718211659,118.09365154149197
-23.17986078955598,147.20405812242578
-19.685894016433455,126.11665918796469
-36.65525379979737,141.76763415521197
-20.292670824589905,139.45513800323417
-19.138851574409323,144.26782190155004
-29.482529097774286,118.96823887518825
-32.466590649106365,117.3929472414797
-27.201971400963686,125.26777162176506
-27.489958813317877,118.49569105856703
-28.923361929161914,139.8419779631094
-25.150490344093008,136.04802458677156
-22.084025638249717,130.92735322267526
-23.50995514583325,114.72398084135784
-17.649869192150483,135.63286229650788
-31.816112285471156,142.6186575690526
-33.876359836611265,148.14906334707658
-36.63700189201272,144.44218885686325
-32.21135758531126,116.02697700084676
-36.966979787988876,141.27935230548934
-23.739971496537528,136.97999018285498
-18.846602565868135,141.0400562407541
-20.87575434404982,142.63408137170464
-32.19694759194007,140.06966938200412
-31.67470287374618,137.97815808621078
-31.40550952311176,139.43789374888672
-27.236142782963874,119.18099143184325
-14.63555872890732,132.4647795403108
-29.664926145806056,144.1108409519699
-16.84253210989366,137.66596231464433
-25.082956622164787,115.00892365618806
-15.107297225993243,144.94324086726377
-26.04005006650834,124.54811804122959
-21.87900803182851,125.75665591669764
-29.57218027024366,145.82754850099343
-16.039809044747358,144.02225265460063
-29.794780730950862,138.80875519425283
-19.257981957065482,124.5051290239678
-29.537153468305384,134.33436147984324
-21.17370558870557,137.51091838215146
-26.750347884277808,151.0929293869605
-28.901789634599567,128.9610403195976
-31.710134586903905,125.49839868802472
-20.790039961824725,118.64124600772836
-29.94705473348197,148.9904380382605
-18.757998209474426,131.9062085532668
-20.462968149108413,144.82546893635475
-25.78709212195353,139.01646534907854
-29.420346116420237,145.643048515979
-19.140982066897983,136.03793069897074
-26.962064819791355,125.93919486536139
-33.74289258017798,135.95889058339696
-32.41387330610831,138.7587392556529
-27.609523282688563,114.22395941950356
-32.71029129322774,119.09750311999015
-23.283703703166065,128.5675184862653
-27.326646946022663,133.8596745158078
-24.699556584250328,114.43411084806368
-28.626529873768977,150.06251349480038
-22.034902502681273,128.55689448107444
-32.41536108836616,152.3185634550171
-25.764238202448713,133.41882291020323
-22.21330010583546,126.8865500262341
-21.30622784520141,136.11245151170402
-29.44340293515546,121.55253298308996
-22.266068874392893,115.40378426047462
-28.638141820350015,130.85301130131245
-23.617084070279866,149.96494164115182
-28.922526108110446,117.32326822363659
-21.826507143025175,136.37435195383028
-28.39470800462457,124.70274147420663
-22.51723193200459,136.47555794547273
-18.06553936978504,139.0926141266233
-22.873478293143837,117.89160104924721
-31.088683599173148,116.83272350239491
-19.023435743078473,125.2362355610381
-27.161176993796232,122.50744720039384
-28.169306706529955,115.37700154704604
-16.780258233308444,125.30099279165148
-20.969911151911468,141.34766307059985
-17.28812476646907,122.79779913290776
-30.978381514181542,120.77380701374206
-25.801562713936793,135.9911096982207
-17.98472716005193,129.49136899720745
-23.015141446751624,121.63149426373478
-33.01588074241735,138.79742063628225
-26.36622405150932,120.25353450624819
-30.21780789750941,133.36215815607383
-33.57866381859845,143.2161689370034
-22.935423794480986,122.62188841881189
-25.299287148151922,121.36809707337595
-22.04348394694346,144.77507529490495
-17.191061242280984,129.98854707307157
-32.45817218313475,120.98398709993272
-32.40224039906126,144.4336594494367
-17.315098544375722,141.79931528203423
-20.274133090995175,139.9974505752825
-23.25588664081236,132.7182978945528
-24.806964500026726,116.49501171634047
-21.52437942400593,122.77847207212078
-26.27785507226836,146.20762666786803
-34.34603989995018,150.07212472220797
-19.266029368531107,136.78790510696592
-24.27875145016968,132.68243756855162
-20.5795250660045,127.22552796529875
-23.97731884395752,122.7156782629999
-30.282599138607814,141.69035961457485
-23.08878187665724,126.84385502793342
-33.44667396818794,146.8322033622245
-24.522908489088405,135.48046773363285
-41.71781265567802,146.09664305785475
-26.16104201272598,131.36021117615624
-19.756804552042638,123.04952104557262
-27.133352499414297,124.82363978604079
-23.702333161246738,129.62913055926697
-31.51384951377218,127.3938443552972
-34.11515317276909,117.06937441818121
-31.537945820500966,152.4176745369245
-26.505729341665685,113.50060756542436
-30.38763546433687,144.4354531446904
-28.715319886971205,140.25976629009799
-28.460383094825513,144.70972529898006
-27.969576336941355,153.11836920458035
-33.95145371533727,148.18883727654855
-21.398570781684224,121.5503077775108
-21.621051887658428,133.41036904113744
-25.275836630690954,135.10351168633312
-31.846607967754167,139.04297508200708
-30.773119456443062,141.90130904156433
-12.454319540934009,136.4707376415607
-17.20757876508563,143.37498857088292
-28.9487878528139,117.35552007507076
-23.92489754506444,140.46219176817857
-26.421593586827196,134.7322204777778
-22.271672035546718,145.3035682411225
-30.61259987425945,117.39257183038347
-15.690001675342664,131.4305662433258
-31.838941123813612,134.86769435039156
-30.393180672486146,137.1163419320593
-27.52805642659645,141.6920447243784
-16.212109589115943,130.22082449540991
-13.211489542292146,142.10006572020296
-29.93948833089076,153.06276600723038
-31.309093570304306,126.71595411591967
-25.44403712605208,122.12289628167163
-21.083956716109697,140.37899761668788
-28.58171326853706,118.8554563084342
-30.79151964609756,149.25269387748352
-19.690074292584864,141.51355606941976
-29.37573920369852,142.24146138768333
-26.93043427964177,127.30314776945046
-18.658412896146206,135.26882734464826
-26.720868761580075,145.29038264299248
-18.058760554226303,137.36926888130037
-11.113114174255529,142.48115283174621
-19.28392485470548,144.88425641664307
-24.126081402999628,134.95267323723013
-26.79729810055349,141.652947432664
-31.193971113160018,141.862413408506
-19.963258979833256,134.4577221139897
-26.22506043667636,120.96423195222089
-26.879260202041685,143.5888193278
-24.241988042230123,146.96566666784676
-17.579484818063435,126.42396542783497
-21.278612690000134,138.7662655710368
-23.541772865459635,142.97878121514697
-23.96855395702076,130.2973257538599
-32.911038917447115,137.44647195958402
-30.723890316949948,132.96024556357122
-24.613114078954492,151.63404431756496
-27.360809523625615,132.30937877464504
-35.72405599874505,142.81788716504525
-24.60792753294547,151.68028751572325
-24.114401193566447,151.63105376926896
-21.799559754835435,117.81776191179293
-24.570461624779053,132.7352576617293
-27.940224387768627,147.38371084835586
-32.8654838996278,122.29783844212167
-37.89416344332232,147.39230265751308
-18.63291290944506,144.19792886121678
-25.60045556199238,123.86107560121803
-23.16258510947632,143.53691159798592
-33.86156762450677,119.38615137026768
-26.92031631935331,146.65801470037178
-21.977793572419777,146.42976498334065
-26.776766981878012,140.42022801755184
-42.021919523260834,146.56499869481954
-30.33229326714156,137.67497894498834
-20.546051836282206,126.02877602442601
-27.197249737548045,132.8638105803338
-28.954358076721963,125.7091727446935
-24.2866780191679,119.84193771971434
-27.932373757209675,132.38595559584573
-18.504495707017945,133.14140368555076
-14.983631043889588,126.84649544539538
-33.19137759220471,141.65033187098425
-31.62095646719657,116.31578661364607
-22.556011850016127,142.89771488283284
-30.7362871125299,144.12204647866253
-32.27425968683754,136.87045793862774
-19.62708959999917,122.70338028186265
-22.20824104614855,143.1442513778507
-22.23753058233407,146.4868586566933
-12.295934123714613,141.73198746737205
-21.638243414991614,118.11002566920541
-21.36467941377899,122.26075027223705
-34.95705887426469,143.3184508462053
-24.437711453798524,120.82843037502042
-30.20783067190222,130.11682818610132
-21.429849373305004,149.1542918265299
-25.093658898740184,141.50372076844516
-25.879524365467322,151.4906413569409
-30.91156657517896,117.82990045462363
-26.766610744797315,138.0443892469577
-18.63326016981241,137.90925812206376
-42.0823373082551,148.33815289477172
-30.797510621010264,118.7217040275849
-29.860971105588668,134.2968876367236
-16.421291926522496,123.8435796042185
-15.262636201955996,128.3666464439976
-16.548272056760368,142.1606943681004
-14.958703425576026,125.34230996681498
-21.770617464293707,136.82908035945755
-17.289711434015953,133.41311656750312
-20.439367059167697,140.75370112972013
-24.518362132124373,120.64534712869361
-19.20545623489552,146.20234196450616
-15.672248947965937,136.21146613438523
-21.244174545070834,128.96444396319401
-25.47849276165017,133.30738488201544
-24.31438915488773,117.50879832983215
-20.04504874242254,146.74928123825555
-35.68785624732614,144.3512193033018
-29.489345486311816,118.05912513926484
-22.23452803051541,146.00900224956402
-29.614854184073373,127.96757438032134
-27.576762793560963,134.56625606458803
-27.59472848424245,121.82283770361856
-32.332316012541696,139.54439567909762
-16.636277554948883,133.52797029866707
-21.46892880978391,142.50000366454177
-30.794573412601654,122.55779982483082
-24.251818708611648,121.94158294850692
-17.094913025777185,144.78601165541698
-30.038500354791093,143.07532053602893
-25.015266738544806,130.21085537821187
-24.094844170160645,140.15914228434124
-20.03694349080466,135.90627017825895
-31.400040189656057,118.2523929676304
-22.01948999002937,143.48910240483366
-24.822438715424482,133.74186374949582
-33.59630819085299,139.51911548896726
-28.323226810617797,153.44994626956205
-19.883864099379142,130.1702435625525
-22.30074412054579,136.2816322344658
-21.06094014397418,117.93567198204013
-25.150877546047187,141.09488142062546
-27.223158121193986,148.64983796588942
-28.325977416922868,130.47962881961536
-33.43219301633826,149.3924046591206
-29.51047927026638,130.72426876616174
-24.805130085180146,125.55290073421371
-19.754950985850403,128.75372076985295
-16.002037551529828,131.07703611102374
-27.85585805936465,148.84671018789868
-31.654137355149153,135.66543592386805
-20.964520629029938,134.42390156270386
-27.976899433890626,117.11235830899484
-14.752444617224459,132.82605188227916
-32.05495643647251,145.89595356160885
-35.00633788635986,146.60559769648737
-31.888211096683047,150.42445380181422
-21.4112903248565,146.07645300578474
-25.30947585059452,142.6175216554965
-19.82393906770116,146.49509830725893
-29.664850275238457,127.91295479081299
-25.384432981656463,114.19743512291475
-22.459454590028617,119.99031341971713
-34.2169137274121,148.64009907337638
-34.10534663836968,141.28685767498683
-33.678560206025075,142.06722660218182
-23.694103088596215,127.4164894222637
-29.838727336411047,124.0582481955106
-29.109444018013377,138.40012128805967
-28.5071633607515,127.95887618060836
-42.014820385926086,145.74325650821908
-23.09894937840381,122.96894303866279
-19.650382386541487,131.32337091507142
-30.302053621099695,141.2069283305555
-25.532703124685778,150.71475479506626
-32.36133001867317,116.99994325634032
-31.14407893942979,143.80202645573044
-22.041986362318877,131.0795934065881
-17.820624882418088,138.0154891087898
-27.131587069234886,134.2334753707705
-26.858226768927622,115.24924071728171
-22.962943724908495,132.6075410363062
-30.766885922110816,118.71190152677659
-24.867568950996382,135.00612375842607
-29.069526174365627,133.6409895019637
-24.457859394105625,124.36226098336377
-32.060016304327114,152.15867344594406
-29.61620853645316,115.7550865263881
-31.375176139046346,149.85818514416025
-35.26909820143182,147.7404473810656
-22.659588443225594,125.5856561523461
-20.512200285435927,119.48320831027077
-17.831994454062592,125.51413832932359
-28.065748349979437,143.94564634982524
-17.486492519661407,133.81890266445487
-20.516690257353357,125.03216695018406
-23.897090201523305,130.3507459132849
-27.457785313183216,146.1643391627818
-20.91790535040635,147.0643418891782
-24.765247153248602,131.8970727406336
-24.15079577652872,140.44649634792782
-23.528703190007793,124.27682307413933
-21.601955767668745,145.24157045969653
-34.02661297293532,119.55204178512292
-30.826235137877912,151.35602661473206
-25.028124291257246,142.96639129278392
-22.90162018856265,139.5763630565551
-28.725935249631277,122.25140481918655
-34.372825446648285,119.17521537975925
-17.509623688985936,133.5027135397094
-16.632122904225177,145.40304589104502
-22.84375591182285,123.87220816493759
-21.760345216829514,126.76736264337517
-33.05186726170111,145.21435045377294
-25.84672315885429,129.92365223166553
-18.357633141199056,138.53529511620593
-31.5215643175994,148.77678159511356
-33.357225880317934,149.60394745076343
-24.910886452656847,132.62388165231727
-30.294308093167366,132.43687954553562
-32.4809708330648,135.8294268241948
-19.9230735632976,139.50304263865863
-27.294959294251807,133.79041316416456
-27.95984742118208,134.96067107716482
-36.03597733662406,147.7084489151864
-22.73237921612825,148.90022769068545
-31.09935717556551,123.05857004845146
-18.418847521892257,128.9449525169054
-28.93359254941243,131.30554882665072
-14.844801588403019,126.673406521632
-15.359432786090846,132.72148411451676
-21.88194255096274,122.28176591701934
-30.96958817378483,135.24627733554848
-19.260186908097474,142.93897428831008
-23.91180753275842,137.28149858608828
-34.527813815672474,146.26183378838127
-28.227021741187784,129.94620423091027
-28.402933744275565,140.9832018950578
-20.28357824809638,142.3333254136562
-23.687405302737908,150.3936922672356
-22.429205587579254,128.37078697187394
-28.394180779076954,150.38706231554278
-25.513214143419237,150.84508610166498
-31.142154510182912,144.3539466583737
-22.790202535333194,145.7917147173534
-16.612940347030708,142.7511950700411
-28.844060032720346,128.46371285146324
-33.796588064625276,149.68361518317238
-26.33627623292115,144.62538095241152
-25.2837027733177,127.97185337975603
-23.341006308172492,116.08247646308087
-23.602057258790364,149.64073705025447
-35.46076120056079,150.40787526647316
-16.96804924920807,144.4273076203701
-34.54011142282236,117.24125658927652
-22.2097479999248,125.90532576732866
-20.06643456908708,128.9767048194758
-22.74724323454069,121.33845486207674
-19.43697006614559,128.16462635603997
-14.351172941254688,144.1761262448594
-21.92195719280197,139.5939739884704
-28.725818719117186,128.69970647517445
-21.28798403580194,122.37772329278276
-22.759385054798265,120.32761702964521
-20.80850442532699,127.74663890623358
-29.30842673613614,117.32424889322401
-20.531137276079406,131.51565936721897
-30.134008156974467,121.5281724493534
-38.245351212098115,146.49228288877953
-23.10130018307858,114.62363001659962
-22.68783713775204,139.23015836071147
-24.250697309012587,116.30482883742896
-20.158361565289937,128.81253404041325
-27.417096759591885,150.15974171856487
-32.063551909251615,142.46681067508746
-16.59733872326085,144.1873927576679
-19.34205168013723,132.43140776855319
-31.64365615138664,117.22536701359913
-25.268635771994113,125.76272932571094
-26.90917904042256,145.24731774777018
-18.15167378183736,123.80220738711454
-15.7279948169922,129.79775046748324
-15.77782527636911,125.19428409773123
-26.677813861170026,151.89684119102827
-36.68680963942603,142.3469661552008
-23.325581268728566,114.41121823240071
-20.290646766349383,131.8247416551215
-19.22167418798299,123.1290892490621
-24.085601017794325,118.2954561860007
-38.35001217598009,145.91049161159998
-15.852829825386184,131.46916225169366
-32.06656496239677,138.71052580253635
-25.294320232190373,122.65874080854672
-31.420605621580428,134.12985075122316
-29.834309050984437,123.27080198686107
-22.98115696721869,119.31929524708913
-31.117913721151325,150.3387080667476
-17.505362203646115,132.68684064768843
-29.588523000906257,121.67369150678508
-34.470136363988686,143.98380138676373
-21.98109268775691,117.84891619431934
-43.39213055942294,146.20923237721405
-26.609425148785366,125.91734257451971
-16.16913968931998,131.04327150705572
-23.724721318317446,125.84713177229216
-27.028191282833554,128.18578099202813
-17.672693930389745,145.81018816824164
-21.082662577219534,138.68690300141986
-19.946013925062044,125.24429066281998
-33.20766219955994,149.11302616109566
-28.80599243363272,132.9915648910206
-13.416144054605173,131.3251281602679
-18.729159725010014,138.8165415434034
-27.83588773335397,133.44939017193246
-21.0178834359502,123.17625556294445
-22.87634386147873,123.48578430537577
-28.02765978826753,140.77380306391288
-24.929475108288873,143.3892024225373
-34.649073079019566,118.35177291789353
-28.989302335500703,120.24732264396287
-37.03846713018871,149.05124183755046
-29.141036350209298,148.21909949451822
-25.73866627295411,118.92247511911766
-16.166016797854635,126.01616589472702
-32.924802675146836,134.97228814988608
-21.5855350538044,140.79638202772998
-19.544753988665448,143.86036067939952
-23.970957107411785,125.32486514707482
-22.52251485522116,142.35717841738372
-26.11996783808358,151.98033954358417
-24.09399759566272,129.1672033678943
-33.46428209598829,123.75593798351426
-30.59314967329881,120.44723027624754
-32.19296027464517,137.24849615639303
-26.992546682398512,122.7178947509179
-36.370787479406104,140.4912015153708
-22.470455798928434,114.59000450733205
-14.566580995427596,142.17456722562997
-28.41756351996712,151.75001634349377
-22.44039494396832,128.64196486958903
-20.655697019517522,135.65990232850632
-24.368960652204862,122.09426827102257
-20.62471906046336,143.89443359018327
-26.14792786603082,150.9142183172385
-33.77716791044881,122.67419253750947
-30.847859202688333,144.995452492814
-24.89007090643036,142.3210350265522
-30.761714212163156,132.08340896585025
-13.06521939410051,135.56217696366136
-31.82903438153683,133.8713325596138
-27.51267109866451,144.43995630000921
-31.8987575579492,135.390989368672
-29.77479704639591,134.00926556662108
-23.00316614104905,144.15625215230673
-32.09217884451274,151.64822971580193
-27.71352167901641,123.62146287875947
-14.667995296633208,143.30643629183606
-28.866747016147222,132.8732372112025
-34.57286243766579,144.6452836167902
-27.524244649798987,132.88901072266015
-25.099094654657872,150.87832282845247
-17.49637303574583,134.95047213606495
-22.128677535848425,147.77980221886932
-13.353498702373258,134.07796306086013
-33.41726340771612,147.60921560347293
-20.930587051671782,136.83757490939604
-30.514144594959692,115.91863759285832
-19.319488378569947,127.42346713475703
-19.16641296767791,138.04772053513702
-16.37760009577333,136.72675818554765
-20.50912155057395,134.16681014741766
-26.61568441901964,123.67779561777307
-21.360130583780553,147.99883875176943
-15.693772791246204,142.77113238942331
-16.098600382012872,128.83876757987588
-21.950429032818395,129.19086748259986
-23.3620493589004,150.2210397305177
-28.384515571745023,149.16615985893418
-20.114026064395112,131.47660189176258
-21.25850629070996,136.21356276987126
-23.633461174425285,116.1723418715557
-26.750376325071088,134.47772080112728
-25.198896850293124,126.38466291981304
-22.34901742766476,121.70429107759222
-31.72574434911351,142.7204969529376
-27.031163316944625,132.25256357958935
-27.57620772942034,123.56769148060839
-21.49950889574219,117.49513314508755
-31.93632025857734,145.60550289484627
-19.631755202123916,145.69018662671834
-16.850083143851894,127.97540490165174
-42.695720766404186,147.7667732468191
-17.11357816371276,124.6374883241446
-29.790158855180323,131.48011066699567
-30.39646826045317,131.26259571173068
-14.073491167107075,131.7089578296293
-14.28821522426319,144.5565205598427
-24.065266262483757,138.04956987295108
-29.215475401094952,122.26272431467737
-29.19982881401325,131.0340772821954
-28.222602786232983,144.6247480921937
-28.58487055716232,128.683981309428
-26.307604036781978,131.43764065917247
-23.820991463548292,139.1982539000434
-23.214635763584667,149.44765204158165
-20.595297611850928,142.92562297799344
-37.36158693679888,141.6771315580113
-28.937873859543192,134.9223174926209
-31.311966242248268,119.70120144729032
-24.225446800087504,136.17529597635368
-18.360259621935207,127.87589625366816
-21.50398134608945,139.70070207066314
-24.086908262728855,137.19459971953077
-27.40039221797122,140.69709410349986
-21.13026899969232,139.21885042711267
-22.30054082151395,136.87139518462664
-20.793548047083863,126.09906387533886
-31.13905725249966,148.50441935713843
-21.592776750216075,141.0295260723533
-27.981765129140463,149.5687384098426
-18.413699712312845,137.2519414513851
-31.842294543448485,123.4602763851644
-27.872439474125347,134.93980707700644
-28.72306437200809,127.04480153531004
-34.88263855224686,116.71656929631092
-21.01647028250364,135.58109260597615
-15.192630286236543,126.9140179517398
-24.904216968277428,127.00767265204567
-23.30655453478129,137.92013816861592
-23.45059140398423,147.9470945006221
-18.12866109817834,123.53744444147873
-31.43110201393475,143.04186127184002
-32.022758381553295,137.46689537125883
-21.306648402036593,142.24568725048806
-23.187287048876456,122.97441960309746
-30.254648781666994,131.89383664120083
-26.274650166580287,137.34618769429878
-37.369984298823965,149.66487119110744
-29.48761194748115,139.97115613229656
-27.942081431659165,126.01890627811015
-31.02442751047197,118.62478941771472
-26.28870585976417,127.82359050850194
-17.82034055055773,146.0530114490071
-19.471493083395934,147.11383217348612
-27.42346787663542,126.54399624909489
-32.028919541240725,148.10416285629663
-18.483047952787814,133.73408635004097
-19.76111495633688,122.31018930399952
-23.934214333417614,130.59123199394878
-30.4176616170593,142.48121538491966
-30.350686303934285,144.24727750678892
-37.55322479748933,144.5653692041594
-28.203214311414456,141.0892280370035
-37.00761663398919,145.45482305600655
-36.34438006073223,141.579664591264
-17.313216876673824,136.52996153534016
-30.934019137774747,141.37734674286622
-26.984483378539778,119.39357278417903
-36.881998824574836,141.14961500313535
-33.76521130576706,121.04666840454996
-23.18504789287575,147.07807371332024
-22.787957853523153,118.05381183300618
-12.925774066516606,131.86571223528045
-36.653917696894545,142.57152262185008
-23.8935129643374,148.91689741024456
-25.650803972623233,119.42317354264365
-27.29925893745148,138.16021981050332
-29.993507517318058,145.09915668512213
-30.16036071698352,148.15530656141948
-31.742240487612122,122.97460409627092
-32.51284701905734,124.03749995017714
-24.410807106516735,129.45726840106417
-37.3987196775903,140.73947083418824
-22.327622828360752,149.15443510191585
-26.442502090088748,114.28718090620148
-34.03464057620285,150.94497550690767
-16.515448525118334,132.76344049754607
-35.72602284763278,140.0224548708697
-20.97943909541715,132.23696185877856
-27.294693740179554,129.02068943358185
-25.828242762899954,122.17108417277446
-22.836955784948497,115.13302624481393
-29.433428660195112,142.2049937612651
-26.74642647274332,141.6645087270229
-38.257534274613064,142.18986664727265
-31.716552802606767,148.28044745842905
-25.58051486717128,148.96639468749134
-14.979428467790733,127.30075830091901
-21.279111478114135,140.9822849775523
-35.21780257577631,141.3785954495954
-25.47347981420384,134.74108167105445
-38.510988059101415,146.77525011752638
-14.627891724322584,143.95363520090848
-32.652497861417814,116.17097923351098
-28.093214699473968,138.54743587051976
-34.84105602538381,141.56885375657453
-15.969284376781719,132.87621087256605
-31.943653896527834,122.64196169769403
-24.307275449364983,125.44552855069209
-31.48403674916876,118.09470028260448
-28.468125747304754,123.95297342537008
-23.268720578287258,139.73744653731023
-25.331678135406193,129.6322314647006
-24.26831185053564,123.99877054574628
-31.234059415945985,124.29366325233032
-29.111033287470878,140.87002267850067
-32.58138928038663,146.6601465728492
-23.243703107849043,138.84606251022117
-13.082988734183303,136.06720909247966
-25.704972771427105,136.19670255581065
-20.834928528718958,129.57160194249212
-33.96524762237513,143.83997387102687
-12.696072271085278,133.3696561029348
-33.65508200014218,147.01192399968093
-28.031076133996685,139.23616443732067
-28.10397146727288,134.8369596016507
-21.365638991306135,117.71465445257607
-32.054104679321426,127.90343127521854
-30.412219906351503,119.793788506293
-25.253674828112434,124.54921667721243
-24.226127639046645,136.59218117793256
-32.261105630276205,150.25388806137897
-26.98909005100806,148.77296950097056
-20.337766078329835,133.64925208635995
-12.257128215926311,133.63739483893818
-37.066102152273615,145.12391662654062
-21.48174114303577,118.95197822988908
-33.16909005489437,138.33315503498113
-21.238152796591883,116.6124712322372
-29.820979418400746,131.67187752702185
-19.709077495183067,134.18702870139023
-20.176596368440716,139.26865102981688
-13.544065469056136,129.83548605127436
-31.511912753699715,124.76297639613738
-24.121599805689662,141.11274532142278
-19.333732761244367,131.40048857265666
-33.32837181565546,120.94083379053554
-31.01208065844923,119.82676538163942
-32.184568553679334,139.47964185491125
-28.41605713756566,123.98067597821918
-27.19456929722204,129.28117803173836
-30.337869161487383,149.9135901357285
-23.927988940118695,141.29913975938416
-30.39757499587015,143.31150436464736
-24.669284943343502,115.08651970576607
-18.09756315344756,136.33967834045623
-22.647249558563317,118.19043837783137
-32.01373750015465,133.47562729620114
-28.1448226884818,147.29321267654672
-29.8477534345175,130.95871973778765
-29.371977039472203,143.13882520454695
-21.212189600830985,135.3555427612915
-38.16074519887121,142.4867252636522
-24.05990808890534,150.6081936459262
-23.531220840371404,146.755804864033
-20.459597165845487,129.6513580013957
-27.49051782052344,129.31136602115055
-27.96225603022719,116.32934812455538
-22.777634295670197,124.12371884016527
-16.76036104300047,135.97979988228826
-13.145948589900101,142.59907789260058
-24.153473250360328,134.4429820276652
-13.99158858109378,141.79694757807908
-21.34023962161341,144.06381542545952
-33.30705795512341,145.53657587154768
-29.602823186102697,140.0519988692017
-25.20696169691265,115.81614767520902
-27.64244719920358,135.02059510195258
-23.610397238296592,120.6427800821264
-28.651135267836935,138.50523298231087
-16.82262351894567,137.06185095234696
-18.255398784511417,136.37809444597372
-21.7926890001481,131.98517671345635
-23.856376465593158,116.43991739463314
-25.904253678433474,140.86109017541307
-25.59577383157667,131.69693113474943
-33.63354441645808,145.55779670680042
-30.280528822474064,128.0566098909793
-14.289231272858085,132.06384155493527
-25.285172901449563,152.7200604323674
-22.930829935889737,118.0664351194206
-27.914105752969164,152.97337625788253
-37.092876200067934,146.68246397149363
-21.962436696236555,123.90571169570079
-33.00168345005474,118.70106359005901
-19.78756953854708,133.96938070403476
-20.66418824895362,146.35914169500307
-19.45627494067551,132.628799240013
-25.150890732638935,137.44648017327597
-28.647846885354596,128.7942991605998
-31.292421274204525,146.02716192560362
-35.0961010674897,139.11017029001513
-16.73695668976112,131.77540104555106
-32.84728363286025,135.70608024243842
-21.055872711231444,120.19546358446387
-26.682913517261483,137.80972336307823
-28.01114100627182,117.00733313861396
-32.43030113904204,152.15816177590966
-21.595472691317216,141.2920773482437
-36.5021938555553,147.4081495064053
-21.88442014247283,121.37142163539775
-21.71218025735085,121.59661113363507
-22.148630955510235,129.70651201579057
-13.590650298059813,143.01159116170757
-27.014488217844985,142.89999336845258
-26.790675290147554,147.80362138213968
-37.098343726667956,143.42584577482037
-30.148900009890163,118.554839551612
-30.660080525297897,116.17050986881021
-11.997597391347568,132.96814978910908
-27.044085145483823,133.3471511734598
-19.52348279349438,142.8109245401714
-28.484080916390713,119.76877561644385
-18.386165319865885,127.61128200839562
-25.790955817990888,140.69295521898906
-33.46407585371081,139.06931930056768
-25.15470374981196,149.20229602210958
-22.71223268961496,117.73408758175533
-14.101970763851774,135.80405187330373
-24.438258704356095,137.01214972908843
-13.225282351734613,130.6922146264523
-18.416129940745993,134.8594776018908
-32.91373223119392,140.996652870187
-33.20904419672479,135.65495629249085
-31.138656020856065,138.70953955891065
-36.99280807248253,145.96151141044447
-16.66775241391857,133.42004545331338
-31.387231317091718,151.902346272277
-27.63899253459589,130.33077261260044
-27.99358185724502,120.89848220551292
-25.809239931435595,126.34278488164034
-16.88761024226971,135.4279425971748
-12.329815592925602,136.92032143865035
-34.550163373409646,141.8717848707632
-36.4275734036623,149.72368790188676
-29.777048888068496,122.80049818713623
-30.868220257720967,116.86861716237662
-25.699144962985052,136.33211008885849
-26.89783389384976,150.77696404784797
-18.14893684758761,132.86999742871006
-19.329473332283296,144.40451298051426
-23.949093557761117,148.48782783553625
-20.389515062649508,132.5958239381745
-28.536102195090344,145.12925050146862
-26.82918764368528,132.06663810952475
-38.40146344776396,142.80518909411688
-33.50652088775213,146.93566027032017
-22.081712720087392,124.36090761718992
-20.618050298955904,127.73769038812577
-24.56637501938077,145.95935405718973
-30.499864211199167,140.50144551343251
-30.150042597258658,148.74084119194725
-22.533144887195558,144.14405455621804
-27.91497755543619,126.2478843975523
-29.052929475994695,121.59876569628048
-23.058481679157325,145.9622078641961
-17.41589332926548,143.1080629866869
-23.85987418155634,137.62453494306962
-19.81746801238855,141.42152804585706
-36.415461747963064,143.04058948376382
-24.877566636801212,151.63356225787373
-41.29602990711281,145.51180895881075
-17.78999605126061,140.80474327527713
-21.76808472952138,128.13169925734775
-24.23563004997918,132.42253436337816
-20.920241448404106,144.37592510407353
-22.998069019543518,150.02358371871702
-25.67362240244386,136.2992229369465
-22.661368831977544,124.86284421763789
-14.880298569321873,127.50928424189635
-27.983493727297432,147.4460079070597
-15.857733137680139,130.82789957146736
-23.088704113459833,116.87656863871443
-32.53560548195502,145.16754606481226
-19.027297439229784,132.39339618053364
-25.968224173691418,126.42117841357272
-28.072774953911974,144.24352038501365
-32.50918090373366,115.7426532007402
-19.703629075596304,121.75321652850737
-21.710897463625724,124.68195349301376
-25.23796912694056,147.80121294817934
-12.877522725573211,131.22925854473303
-31.33495357393025,126.78076438254881
-25.189620288249102,126.95396356011892
-23.681752203071525,138.46011639983882
-20.071941678811324,140.5584021489673
-22.878799276619848,114.52040108078313
-15.31029605995818,127.936413969409
-17.429957591273453,144.60341792058517
-21.31173748431748,144.31655342098747
-31.74387027877536,144.1600842200481
-20.838181447606996,125.08061561483156
-30.014976152877402,140.50604895594392
-29.243032347381366,130.6360549589397
-24.7266389536078,118.75907599006653
-19.841809194935955,142.87438289926644
-31.27186315777871,147.51300936265682
-34.19566443909334,145.69256101103585
-28.572022981605933,123.12349965664421
-26.40347830975141,131.3850919277262
-13.225681876515331,134.01142173665298
-20.90847629255203,117.78213021737344
-23.402544706013618,137.19518134320194
-26.46028347622853,136.96759660476206
-18.51327738077891,137.7267088452241
-29.12119813968601,148.22221255305772
-28.38914787106528,152.80622885525835
-20.032464968925154,138.94316818288877
-13.241597522254189,132.76242681429
-36.04771069006566,144.8845972574771
-28.83461403017072,141.27235535950263
-22.46454447413944,115.2032135039963
-31.80785683615828,147.21254406968583
-21.879975946887228,122.97156381338445
-20.71183150181076,139.61655602541313
-29.452911364703162,130.70696881668727
-30.75893853322082,142.52415261405486
-24.964663411920426,132.24185603443644
-29.14094575741116,151.55846895080015
-29.57140556117892,149.06746506447155
-35.70765645697435,141.24183704198268
-28.305732782123535,134.96322356716934
-31.36904662602161,127.4189851030695
-37.252413647346614,147.14404640323113
-25.72714063587316,138.7281103545941
-21.687896724923313,144.65474379110185
-36.28127489889118,149.53690258790846
-27.258958588440134,132.06203757917316
-28.520164493730036,121.00318276662546
-41.696234563941545,146.81991632890947
-20.808354922916173,120.93291071816249
-12.747361936091291,134.24114156014326
-21.360519790385013,133.98980943164509
-27.82968059555824,123.7755127772333
-24.20820863635529,150.88075629413757
-36.050868232596294,144.663164030966
-18.782488605563124,131.70042122291096
-29.431829036900176,146.11871942337015
-20.076178732078176,126.08861962433033
-15.502940079966656,130.25288907360743
-34.67340020006917,141.98875511714422
-18.187602363101,130.72875669992732
-26.07698902397186,144.15193215184976
-29.483895375746386,142.8434747250849
-24.270758605453594,146.65592492846199
-16.0072851344331,129.66549341644262
-22.130252619659775,114.06394510139158
-33.694885114887605,121.88629834812303
-13.012352919289775,133.03501778603152
-23.72396837895655,141.2432930079607
-30.076196776465814,120.82905615659293
-26.685152770683263,125.1097227998561
-30.23102957948629,141.79280360973198
-28.423876489639085,137.9406677385214
-24.253326927419668,123.17759396104047
-28.21077591579693,123.83111241277307
-21.208694005359437,137.5680818678248
-28.408597829754846,140.5609201958259
-36.3784667528556,147.7092282081103
-23.529860060551414,113.98324810611334
-37.74922779382882,147.97585442593487
-29.977265562313377,116.70268582190391
-15.212912004022932,130.92302045135958
-22.857383495250353,142.56392380359276
-29.67088944697759,128.84106312485713
-20.259845538149353,120.43095291069154
-28.90531387248567,117.24767934186353
-25.017296082196946,136.69676262116425
-25.60572820813994,127.72235414656879
-26.76762869045568,152.69445189481013
-34.46045162794283,138.33580359616752
-24.73925338701552,135.78029886734154
-34.620452969155934,149.991324283601
-22.7255858316233,128.0463846848241
-28.583737743357254,138.56510500348875
-16.806686516444383,132.38333236328984
-36.28969950705927,142.07634753447363
-19.47521806305774,129.11796802967234
-14.165264845453166,132.75839297688455
-19.43265918018416,124.28003043049189
-19.117319291855253,143.47496935501863
-34.98734457226168,144.49890929824647
-32.321409619067666,135.8153815141383
-19.004666507075388,140.06367861277283
-24.437515493574676,113.95791911078534
-30.289994498536924,151.90323224602238
-13.878204828869947,142.25887769182447
-16.260178558391722,124.82099075320104
-37.910756510681686,142.63372314811474
-27.301741104844865,151.62348172975192
-15.416150997573634,134.46146318076094
-16.210318677768672,130.22502131349023
-33.433905550919384,147.28858681969456
-23.99394794392842,122.27521764842278
-27.151814850667353,145.76675519897015
-17.043836588093207,122.34832625846762
-26.97039332806651,113.87909136000661
-28.590949598570845,146.57797881375714
-36.832739131893774,149.47439223836022
-23.914392081702676,132.20580388844107
-22.965509948146494,117.98403201489222
-26.378095526683357,123.47446697232478
-24.887367208148838,146.49825646760138
-21.701174537698048,141.5437027593769
-28.511850980575147,142.1546090147413
-20.272871649927033,141.08166124890187
-25.582215654618487,152.0772960571578
-26.699296010001266,116.68368379659093
-15.348128913791726,128.33468753650178
-27.854671503200017,120.30131378468349
-19.308505468284558,123.98363043311797
-21.187075491708754,143.38712005942494
-28.123515029206793,138.37684026305342
-20.412357860608967,125.71683492405147
-15.743820589887722,133.35314355768776
-31.982845828622303,139.92476607564157
-16.359349487391828,130.45743905422415
-27.89255608250267,114.51219166434035
-13.958808262390395,130.9008662893995
-19.005839689441608,139.78737627490645
-26.367226046166312,134.50948123001837
-19.425909898000018,139.19717618925102
-17.844802136342913,144.9846504029999
-28.242972237998934,137.73432808349952
-21.266944056613074,134.44330422049026
-28.78769957978104,120.17275096133655
-37.22021118174532,148.18074633326088
-34.16762793750369,147.13570882404542
-23.476455925652854,138.78320726109462
-23.55884122886133,139.28445474116387
-22.711922031042956,140.68503161763584
-27.063799966158115,137.60471183203714
-22.546699675692505,142.86422615021465
-17.345848180696947,133.9440920925844
-20.165127820043985,131.96635056159067
-19.43776326747664,122.61609404506991
-17.225765953627754,135.0940347422698
-27.121673649635937,114.26374731314283
-34.902116659067914,147.37185167780058
-32.04494909565158,137.3425100026416
-30.792250527063214,148.3762087010054
-17.793234088233234,128.05701596794367
-30.29512804952322,127.10416547161185
-28.76703933930547,148.34832956230142
-32.71927404114962,147.6256323227332
-34.11650997528703,137.64593486190932
-18.897079399756223,143.26739913141327
-15.27971410258419,125.62171166135356
-31.23646762422093,129.84509388039174
-16.34068150502656,127.50580301816979
-31.724663178642444,118.51172290792839
-25.299766296304888,152.51861125339354
-29.722238645033407,133.19428474932135
-27.116483258914204,120.74122318825358
-33.37974434506317,150.96689149776793
-29.978394137035572,151.15204414908476
-33.17630869337509,146.08706563029511
-14.145581586211502,143.5678422450035
-20.97577920750967,129.74034056333198
-24.72518232333146,124.01429234634142
-38.53626339675291,146.6055825739067
-18.73800197348738,133.45760744143195
-16.320166687544845,127.0325392991618
-26.459870698679804,123.4686597085901
-31.500322973488206,124.67032967828517
-17.028685202473813,128.93131501721402
-28.966154127634162,121.52962035971511
-20.048507473985048,147.09573534975738
-27.1422093158456,148.71627334384476
-34.65262397325608,149.75539581660567
-19.055651181501357,143.0167541083181
-21.02645115790239,130.44052920930218
-21.94443986650454,143.53178378850015
-13.944812801588466,129.82277456374914
